-- Add creature templates.
REPLACE INTO `creature_template` (`entry`, `minlevel`, `maxlevel`, `faction_A`, `faction_H`, `npcflag`, `speed`, `scale`, `baseattacktime`, `rangeattacktime`, `unit_flags`, `modelid_A`, `modelid_H`, `name`, `subname`, `class`, `rank`, `family`, `type`, `type_flags`, `mindmg`, `maxdmg`, `minhealth`, `maxhealth`, `minmana`, `maxmana`, `InhabitType`) VALUES 
(26016, 70, 70, 7, 7, 0, 1.1428571939468384, 1, 2000, 2000, 0, 246, 246, 'Tamable Wolf', NULL, 1, 0, 1, 1, 1, 1, 1, 100, 4810, 100, 100, 3),
(26017, 70, 70, 7, 7, 0, 1.1428571939468384, 1, 2000, 2000, 0, 23513, 23513, 'Tamable Bat', NULL, 1, 0, 24, 1, 1, 1, 1, 4050, 4800, 100, 100, 3),
(26019, 70, 70, 7, 7, 0, 1.1428571939468384, 1, 2000, 2000, 0, 23514, 23514, 'Tamable Carrion Bird', NULL, 1, 0, 7, 1, 1, 1, 1, 100, 4810, 100, 100, 3),
(26020, 70, 70, 7, 7, 0, 1.1428571939468384, 1, 2000, 2000, 0, 744, 744, 'Tamable Boar', NULL, 1, 0, 5, 1, 1, 1, 1, 4992, 5002, 100, 100, 3),
(26021, 70, 70, 7, 7, 0, 1.1428571939468384, 1, 2000, 2000, 0, 2031, 2031, 'Tamable Cat', NULL, 1, 0, 2, 1, 1, 1, 1, 100, 4714, 100, 100, 3),
(26024, 70, 70, 7, 7, 0, 1.1428571939468384, 1, 2000, 2000, 0, 23515, 23515, 'Tamable Dragonhawk', NULL, 1, 0, 30, 1, 1, 1, 1, 100, 4810, 100, 100, 3),
(26027, 70, 70, 7, 7, 0, 1.1428571939468384, 1, 2000, 2000, 0, 23516, 23516, 'Tamable Nether Ray', NULL, 1, 0, 34, 1, 1, 1, 1, 100, 5291, 100, 100, 3),
(26028, 70, 70, 7, 7, 0, 1.1428571939468384, 1, 2000, 2000, 0, 23517, 23517, 'Tamable Owl', NULL, 1, 0, 26, 1, 1, 1, 1, 4800, 4810, 100, 100, 3),
(26029, 70, 70, 7, 7, 0, 1.1428571939468384, 1, 2000, 2000, 0, 23518, 23518, 'Tamable Raptor', NULL, 1, 0, 11, 1, 1, 1, 1, 4560, 4569, 100, 100, 3),
(26030, 70, 70, 7, 7, 0, 1.1428571939468384, 1, 1282, 2000, 0, 23519, 23519, 'Tamable Ravager', NULL, 1, 0, 31, 1, 1, 1, 1, 100, 4473, 100, 100, 3),
(26031, 70, 70, 7, 7, 0, 1.1428571939468384, 1, 2000, 2000, 0, 2488, 2488, 'Tamable Scorpid', NULL, 1, 0, 20, 1, 1, 1, 1, 4800, 4810, 100, 100, 3),
(26032, 70, 70, 7, 7, 0, 1.1428571939468384, 1, 2000, 2000, 0, 4767, 4767, 'Tamable Serpent', NULL, 1, 0, 35, 1, 1, 1, 1, 4800, 4810, 100, 100, 3),
(26033, 70, 70, 7, 7, 0, 1.1428571939468384, 1, 2000, 2000, 0, 23520, 23520, 'Tamable Spider', NULL, 1, 0, 3, 1, 1, 1, 1, 4800, 4810, 100, 100, 3),
(26037, 70, 70, 7, 7, 0, 1.1428571939468384, 1, 2000, 2000, 0, 23521, 23521, 'Tamable Warp Stalker', NULL, 1, 0, 32, 1, 1, 1, 1, 4800, 4810, 100, 100, 3),
(26038, 70, 70, 1, 7, 0, 1.1428571939468384, 1, 2000, 2000, 0, 2706, 2706, 'Tamable Wind Serpent', NULL, 1, 0, 27, 1, 1, 1, 1, 100, 4810, 100, 100, 3),
(26075, 70, 70, 35, 35, 1, 1.1428571939468384, 1, 2000, 2000, 768, 23780, 23780, 'Paymaster', NULL, 8, 0, 0, 7, 0, 1, 1, 2835, 2835, 7196, 7196, 0),
(26300, 70, 70, 35, 35, 128, 1.1428571939468384, 1, 2000, 2000, 768, 23759, 23759, 'Accessories Vendor', NULL, 1, 0, 0, 7, 0, 1, 1, 4050, 4050, 0, 0, 0),
(26301, 70, 70, 35, 35, 4224, 1.1428571939468384, 1, 2000, 2000, 768, 23762, 23762, 'Cloth Armor Vendor', NULL, 1, 0, 0, 7, 0, 1, 1, 4050, 4050, 0, 0, 0),
(26302, 70, 70, 35, 35, 128, 1.1428571939468384, 1, 2000, 2000, 768, 23764, 23764, 'Enchantments Vendor', NULL, 8, 0, 0, 7, 0, 1, 1, 2835, 2835, 7196, 7196, 0),
(26303, 70, 70, 35, 35, 128, 1.1428571939468384, 1, 2000, 2000, 768, 23758, 23758, 'Gems Vendor', NULL, 1, 0, 0, 7, 0, 1, 1, 4050, 4050, 0, 0, 0),
(26304, 70, 70, 35, 35, 4224, 1.1428571939468384, 1, 2000, 2000, 768, 23765, 23765, 'General Goods Vendor', NULL, 1, 0, 0, 7, 0, 1, 1, 4050, 4050, 0, 0, 0),
(26305, 70, 70, 35, 35, 4224, 1.1428571939468384, 1, 2000, 2000, 768, 23760, 23760, 'Leather Armor Vendor', NULL, 1, 0, 0, 7, 0, 1, 1, 4050, 4050, 0, 0, 0),
(26306, 70, 70, 35, 35, 4224, 1.1428571939468384, 1, 2000, 2000, 768, 23763, 23763, 'Mail Armor Vendor', NULL, 1, 0, 0, 7, 0, 1, 1, 4050, 4050, 0, 0, 0),
(26307, 70, 70, 35, 35, 4194305, 1.1428571939468384, 1, 2000, 2000, 768, 24028, 24028, 'Beastmaster', NULL, 2, 0, 0, 7, 0, 1, 1, 3240, 3240, 3155, 3155, 0),
(26308, 70, 70, 35, 35, 4224, 1.1428571939468384, 1, 2000, 2000, 768, 23761, 23761, 'Plate Armor Vendor', NULL, 1, 0, 0, 7, 0, 1, 1, 4050, 4050, 0, 0, 0),
(26309, 70, 70, 35, 35, 4224, 1.1428571939468384, 1, 2000, 2000, 768, 23757, 23757, 'Weapons Vendor', NULL, 1, 0, 0, 7, 0, 1, 1, 4050, 4050, 0, 0, 0),
(26324, 70, 70, 35, 35, 49, 1.1428571939468384, 1, 2000, 2000, 768, 24029, 24029, 'Druid Trainer', NULL, 2, 0, 0, 7, 0, 1, 1, 3240, 3240, 3155, 3155, 0),
(26325, 70, 70, 35, 35, 49, 1.1428571939468384, 1, 2000, 2000, 768, 24030, 24030, 'Hunter Trainer', NULL, 2, 0, 0, 7, 0, 1, 1, 3240, 3240, 3155, 3155, 0),
(26326, 70, 70, 35, 35, 49, 1.1428571939468384, 1, 2000, 2000, 768, 24031, 24031, 'Mage Trainer', NULL, 8, 0, 0, 7, 0, 1, 1, 2835, 2835, 7196, 7196, 0),
(26327, 70, 70, 35, 35, 49, 1.1428571939468384, 1, 2000, 2000, 768, 24032, 24032, 'Paladin Trainer', NULL, 2, 0, 0, 7, 0, 1, 1, 3240, 3240, 3155, 3155, 0),
(26328, 70, 70, 35, 35, 49, 1.1428571939468384, 1, 2000, 2000, 768, 24033, 24033, 'Priest Trainer', NULL, 8, 0, 0, 7, 0, 1, 1, 2835, 2835, 7196, 7196, 0),
(26329, 70, 70, 35, 35, 49, 1.1428571939468384, 1, 2000, 2000, 768, 23777, 23777, 'Rogue Trainer', NULL, 1, 0, 0, 7, 0, 1, 1, 4050, 4050, 0, 0, 0),
(26330, 70, 70, 35, 35, 49, 1.1428571939468384, 1, 2000, 2000, 768, 24034, 24034, 'Shaman Trainer', NULL, 2, 0, 0, 7, 0, 1, 1, 3240, 3240, 3155, 3155, 0),
(26331, 70, 70, 35, 35, 49, 1.1428571939468384, 1, 2000, 2000, 768, 24035, 24035, 'Warlock Trainer', NULL, 8, 0, 0, 7, 0, 1, 1, 2835, 2835, 7196, 7196, 0),
(26332, 70, 70, 35, 35, 49, 1.1428571939468384, 1, 2000, 2000, 768, 24036, 24036, 'Warrior Trainer', NULL, 1, 0, 0, 7, 0, 1, 1, 4050, 4050, 0, 0, 0),
(26724, 70, 70, 35, 35, 6272, 1, 1, 2000, 2000, 2181300992, 24019, 24019, '[DND] TAR Pedestal - Armor, Cloth', NULL, 1, 0, 0, 10, 0, 1, 1, 4050, 4050, 0, 0, 0),
(26738, 70, 70, 35, 35, 6272, 1, 1, 2000, 2000, 2181300992, 24019, 24019, '[DND] TAR Pedestal - Accessories', NULL, 1, 0, 0, 10, 0, 1, 1, 4050, 4050, 0, 0, 0),
(26739, 70, 70, 35, 35, 6272, 1, 1, 2000, 2000, 2181300992, 24019, 24019, '[DND] TAR Pedestal - Enchantments', NULL, 1, 0, 0, 10, 0, 1, 1, 4050, 4050, 0, 0, 0),
(26740, 70, 70, 35, 35, 6272, 1, 1, 2000, 2000, 2181300992, 24019, 24019, '[DND] TAR Pedestal - Gems', NULL, 1, 0, 0, 10, 0, 1, 1, 4050, 4050, 0, 0, 0),
(26741, 70, 70, 35, 35, 6272, 1, 1, 2000, 2000, 2181300992, 24019, 24019, '[DND] TAR Pedestal - General Goods', NULL, 1, 0, 0, 10, 0, 1, 1, 4050, 4050, 0, 0, 0),
(26742, 70, 70, 35, 35, 6272, 1, 1, 2000, 2000, 2181300992, 24019, 24019, '[DND] TAR Pedestal - Armor, Leather', NULL, 1, 0, 0, 10, 0, 1, 1, 4050, 4050, 0, 0, 0),
(26743, 70, 70, 35, 35, 6272, 1, 1, 2000, 2000, 2181300992, 24019, 24019, '[DND] TAR Pedestal - Armor, Mail', NULL, 1, 0, 0, 10, 0, 1, 1, 4050, 4050, 0, 0, 0),
(26744, 70, 70, 35, 35, 6272, 1, 1, 2000, 2000, 2181300992, 24019, 24019, '[DND] TAR Pedestal - Armor, Plate', NULL, 1, 0, 0, 10, 0, 1, 1, 4050, 4050, 0, 0, 0),
(26745, 70, 70, 35, 35, 6272, 1, 1, 2000, 2000, 2181300992, 24019, 24019, '[DND] TAR Pedestal - Weapons', NULL, 1, 0, 0, 10, 0, 1, 1, 4050, 4050, 0, 0, 0),
(26747, 70, 70, 35, 35, 6272, 1, 1, 2000, 2000, 2181300992, 24019, 24019, '[DND] TAR Pedestal - Arena Organizer', NULL, 1, 0, 0, 10, 0, 1, 1, 4050, 4050, 0, 0, 0),
(26748, 70, 70, 35, 35, 6272, 1, 1, 2000, 2000, 2181300992, 24019, 24019, '[DND] TAR Pedestal - Beastmaster', NULL, 1, 0, 0, 10, 0, 1, 1, 4050, 4050, 0, 0, 0),
(26749, 70, 70, 35, 35, 6272, 1, 1, 2000, 2000, 2181300992, 24019, 24019, '[DND] TAR Pedestal - Paymaster', NULL, 1, 0, 0, 10, 0, 1, 1, 4050, 4050, 0, 0, 0),
(26751, 70, 70, 35, 35, 6272, 1, 1, 2000, 2000, 2181300992, 24019, 24019, '[DND] TAR Pedestal - Trainer, Druid', NULL, 1, 0, 0, 10, 0, 1, 1, 4050, 4050, 0, 0, 0),
(26752, 70, 70, 35, 35, 6272, 1, 1, 2000, 2000, 2181300992, 24019, 24019, '[DND] TAR Pedestal - Trainer, Hunter', NULL, 1, 0, 0, 10, 0, 1, 1, 4050, 4050, 0, 0, 0),
(26753, 70, 70, 35, 35, 6272, 1, 1, 2000, 2000, 2181300992, 24019, 24019, '[DND] TAR Pedestal - Trainer, Mage', NULL, 1, 0, 0, 10, 0, 1, 1, 4050, 4050, 0, 0, 0),
(26754, 70, 70, 35, 35, 6272, 1, 1, 2000, 2000, 2181300992, 24019, 24019, '[DND] TAR Pedestal - Trainer, Paladin', NULL, 1, 0, 0, 10, 0, 1, 1, 4050, 4050, 0, 0, 0),
(26755, 70, 70, 35, 35, 6272, 1, 1, 2000, 2000, 2181300992, 24019, 24019, '[DND] TAR Pedestal - Trainer, Priest', NULL, 1, 0, 0, 10, 0, 1, 1, 4050, 4050, 0, 0, 0),
(26756, 70, 70, 35, 35, 6272, 1, 1, 2000, 2000, 2181300992, 24019, 24019, '[DND] TAR Pedestal - Trainer, Rogue', NULL, 1, 0, 0, 10, 0, 1, 1, 4050, 4050, 0, 0, 0),
(26757, 70, 70, 35, 35, 6272, 1, 1, 2000, 2000, 2181300992, 24019, 24019, '[DND] TAR Pedestal - Trainer, Shaman', NULL, 1, 0, 0, 10, 0, 1, 1, 4050, 4050, 0, 0, 0),
(26758, 70, 70, 35, 35, 6272, 1, 1, 2000, 2000, 2181300992, 24019, 24019, '[DND] TAR Pedestal - Trainer, Warlock', NULL, 1, 0, 0, 10, 0, 1, 1, 4050, 4050, 0, 0, 0),
(26759, 70, 70, 35, 35, 6272, 1, 1, 2000, 2000, 2181300992, 24019, 24019, '[DND] TAR Pedestal - Trainer, Warrior', NULL, 1, 0, 0, 10, 0, 1, 1, 4050, 4050, 0, 0, 0),
(26760, 70, 70, 35, 35, 1048577, 1.1428571939468384, 1, 2000, 2000, 768, 23659, 23659, 'Fight Promoter', 'Arena Battlemaster\'s Assistant', 1, 0, 0, 7, 0, 1, 1, 6986, 6986, 0, 0, 0),
(26765, 70, 70, 35, 35, 6272, 1, 1, 2000, 2000, 2181300992, 24019, 24019, '[DND] TAR Pedestal - Fight Promoter', NULL, 1, 0, 0, 10, 0, 1, 1, 4050, 4050, 0, 0, 0),
(176443, 70, 70, 7, 7, 0, 0.01, 1, 2000, 2000, 131072, 1555, 1555, 'Dummy', NULL, 1, 0, 0, 9, 0, 1, 1, 40500000, 40500000, 0, 0, 3),
(177297, 73, 73, 35, 35, 1, 1.1428571939468384, 1, 2000, 2000, 0, 19098, 19098, 'Nexus-Lord Donjon Rade Jr.', 'PTR Teleportation', 1, 1, 0, 7, 0, 1, 1, 162587040, 162587040, 0, 0, 0),
(177659, 73, 73, 7, 7, 0, 0.01, 1, 2000, 2000, 131072, 1555, 1555, 'Boss Dummy', NULL, 1, 0, 0, 9, 0, 1, 1, 43990000, 43990000, 0, 0, 3),
(181670, 70, 70, 35, 35, 4224, 1.1428571939468384, 1, 2000, 2000, 768, 7110, 7110, 'Resistance Armor Vendor', NULL, 1, 0, 0, 7, 0, 1, 1, 4050, 4050, 0, 0, 0),
(181684, 70, 70, 35, 35, 0, 1, 1, 2000, 2000, 2181300992, 24019, 24019, '[DND] TAR Pedestal - Armor, Resistance', NULL, 1, 0, 0, 10, 0, 1, 1, 4050, 4050, 0, 0, 0);

-- Allow joining arena queue from Fight Promoter.
INSERT INTO `battlemaster_entry` (`entry`, `bg_template`) VALUES (26760, 6);

-- Prevent target dummies from moving and attacking.
INSERT INTO `creature_template_addon` (`entry`, `auras`) VALUES
(176443, '6462 0 42716 0'),
(177659, '6462 0 42716 0');

-- Class Trainers
UPDATE `creature_template` SET `class`=11 WHERE `entry`=26324;
UPDATE `creature_template` SET `class`=3 WHERE `entry`=26325;
UPDATE `creature_template` SET `class`=8 WHERE `entry`=26326;
UPDATE `creature_template` SET `class`=2 WHERE `entry`=26327;
UPDATE `creature_template` SET `class`=5 WHERE `entry`=26328;
UPDATE `creature_template` SET `class`=4 WHERE `entry`=26329;
UPDATE `creature_template` SET `class`=7 WHERE `entry`=26330;
UPDATE `creature_template` SET `class`=9 WHERE `entry`=26331;
UPDATE `creature_template` SET `class`=1 WHERE `entry`=26332;

-- Gossips
INSERT INTO `npc_text` (`ID`, `text0_0`, `text0_1`, `prob0`) VALUES (12562, 'I can both stable and give new pets.', 'I can both stable and give new pets.', 1);
INSERT INTO `npc_text` (`ID`, `text0_0`, `text0_1`, `prob0`) VALUES (12561, 'What sort of pet would you like?', 'What sort of pet would you like?', 1);
INSERT INTO `npc_text` (`ID`, `text0_0`, `text0_1`, `prob0`) VALUES (42730, 'Greetings, and thank you for testing the Burning Crusade Classic!\n\nI can teleport you directly into any raid or dungeon. This is just a teleport, not a match-making service, so I hope you have a party ready to tackle the challenges waiting inside.', 'Greetings, and thank you for testing the Burning Crusade Classic!\n\nI can teleport you directly into any raid or dungeon. This is just a teleport, not a match-making service, so I hope you have a party ready to tackle the challenges waiting inside.', 1);
UPDATE `creature_template` SET `ScriptName`='ptr_paymaster' WHERE `entry`=26075;
UPDATE `creature_template` SET `ScriptName`='ptr_donjon' WHERE `entry`=177297;
UPDATE `creature_template` SET `ScriptName`='ptr_beastmaster' WHERE `entry`=26307;

-- Add creature spawns.
REPLACE INTO `creature` (`guid`, `id`, `map`, `modelid`, `position_x`, `position_y`, `position_z`, `orientation`, `spawntimesecs`, `spawndist`, `curhealth`, `curmana`, `MovementType`) VALUES 
(97200, 26749, 530, 24019, -1851.88, 5411.85, -12.3448, 5.42564, 30, 0, 4050, 0, 0),
(97201, 26739, 530, 24019, -1855.7, 5410.06, -12.3448, 5.2673, 30, 0, 4050, 0, 0),
(97202, 26075, 530, 23780, -1851.88, 5411.85, -8.66147, 0.219152, 30, 0, 2835, 7196, 0),
(97203, 26302, 530, 23764, -1855.7, 5410.06, -8.66146, 5.2673, 30, 0, 2835, 7196, 0),
(97204, 26740, 530, 24019, -1859.95, 5408.83, -12.3448, 5.15695, 30, 0, 4050, 0, 0),
(97205, 26303, 530, 23758, -1859.95, 5408.83, -8.66147, 5.15695, 30, 0, 4050, 0, 0),
(97206, 26741, 530, 24019, -1848.89, 5414.8, -12.3448, 5.93428, 30, 0, 4050, 0, 0),
(97207, 26304, 530, 23765, -1848.89, 5414.8, -8.66146, 5.93428, 30, 0, 4050, 0, 0),
(97208, 26765, 530, 24019, -1844.4, 5420.01, -12.3448, 5.66332, 30, 0, 4050, 0, 0),
(97209, 26760, 530, 23659, -1844.4, 5420.01, -8.66146, 5.66332, 30, 0, 6986, 0, 0),
(97210, 26747, 530, 24019, -1867.6, 5408.88, -12.3448, 5.05095, 30, 0, 4050, 0, 0),
(97211, 26012, 530, 24023, -1867.6, 5408.88, -8.66147, 5.05095, 30, 0, 6986, 0, 0),
(97212, 177297, 530, 19098, -1856.88, 5421.74, -10.3805, 4.79811, 30, 0, 162587040, 0, 0),
(97213, 26745, 530, 24019, -1873.22, 5410.54, -12.3448, 4.70953, 30, 0, 4050, 0, 0),
(97214, 26309, 530, 23757, -1873.22, 5410.54, -8.66147, 4.70953, 30, 0, 4050, 0, 0),
(97215, 26751, 530, 24019, -1842.02, 5427.67, -12.3448, 0, 30, 0, 4050, 0, 0),
(97216, 26324, 530, 24029, -1842.02, 5427.67, -8.66147, 0, 30, 0, 3240, 3155, 0),
(97217, 26738, 530, 24019, -1876.94, 5412.73, -12.3448, 4.30756, 30, 0, 4050, 0, 0),
(97218, 26300, 530, 23759, -1876.94, 5412.73, -8.66147, 4.30756, 30, 0, 4050, 0, 0),
(97219, 26752, 530, 24019, -1842.65, 5433.94, -12.3448, 0.280969, 30, 0, 4050, 0, 0),
(97220, 26325, 530, 24030, -1842.65, 5433.94, -8.66147, 0.280969, 30, 0, 3240, 3155, 0),
(97221, 26744, 530, 24019, -1879.89, 5416.09, -12.3448, 3.51318, 30, 0, 4050, 0, 0),
(97222, 26308, 530, 23761, -1879.89, 5416.09, -8.66147, 3.51318, 30, 0, 4050, 0, 0),
(97223, 26743, 530, 24019, -1882.39, 5419.37, -12.3448, 3.5808, 30, 0, 4050, 0, 0),
(97224, 26306, 530, 23763, -1882.39, 5419.37, -8.66147, 3.5808, 30, 0, 4050, 0, 0),
(97225, 26748, 530, 24019, -1844.83, 5439.55, -12.3448, 0.518509, 30, 0, 4050, 0, 0),
(97226, 26307, 530, 24028, -1844.83, 5439.55, -8.66147, 0.518509, 30, 0, 3240, 3155, 0),
(97227, 26742, 530, 24019, -1884.43, 5423.71, -12.3448, 3.37429, 30, 0, 4050, 0, 0),
(97228, 26305, 530, 23760, -1884.43, 5423.71, -8.66147, 3.37429, 30, 0, 4050, 0, 0),
(97229, 26753, 530, 24019, -1848.15, 5444.83, -12.3448, 0.485057, 30, 0, 4050, 0, 0),
(97230, 26326, 530, 24031, -1848.15, 5444.83, -8.66147, 0.485057, 30, 0, 2835, 7196, 0),
(97231, 26724, 530, 24019, -1885.38, 5428.12, -12.3449, 3.26033, 30, 0, 4050, 0, 0),
(97232, 26301, 530, 23762, -1885.38, 5428.12, -8.66153, 3.26033, 30, 0, 4050, 0, 0),
(97233, 26754, 530, 24019, -1852.31, 5449.11, -12.3448, 0.64518, 30, 0, 4050, 0, 0),
(97234, 181684, 530, 24019, -1885.66, 5432.64, -12.3449, 3.746, 30, 0, 4050, 0, 0),
(97235, 26327, 530, 24032, -1852.31, 5449.11, -8.66147, 0.64518, 30, 0, 3240, 3155, 0),
(97236, 181670, 530, 7110, -1885.66, 5432.64, -8.66158, 3.746, 30, 0, 4050, 0, 0),
(97237, 26755, 530, 24019, -1859.84, 5451.23, -12.3448, 1.05085, 30, 0, 4050, 0, 0),
(97238, 26328, 530, 24033, -1859.84, 5451.23, -8.66146, 1.05085, 30, 0, 2835, 7196, 0),
(97239, 26759, 530, 24019, -1883.06, 5440.09, -12.3448, 2.67357, 30, 0, 4050, 0, 0),
(97240, 26332, 530, 24036, -1883.06, 5440.09, -8.66146, 2.67357, 30, 0, 4050, 0, 0),
(97241, 26756, 530, 24019, -1868.24, 5450.97, -12.3448, 2.26655, 30, 0, 4050, 0, 0),
(97242, 26329, 530, 23777, -1868.24, 5450.97, -8.66147, 2.26655, 30, 0, 4050, 0, 0),
(97243, 26758, 530, 24019, -1878.27, 5446.13, -12.3448, 2.75067, 30, 0, 4050, 0, 0),
(97244, 26331, 530, 24035, -1878.27, 5446.13, -8.66147, 2.75067, 30, 0, 2835, 7196, 0),
(97245, 26757, 530, 24019, -1874.08, 5449.19, -12.3448, 2.23072, 30, 0, 4050, 0, 0),
(97246, 26330, 530, 24034, -1874.08, 5449.19, -8.66147, 2.23072, 30, 0, 3240, 3155, 0),
(97247, 176443, 530, 1555, -1771.85, 5546.03, -12.3448, 3.97767, 30, 0, 40500000, 0, 0),
(97248, 176443, 530, 1555, -2011.59, 5435.77, -12.3448, 2.94524, 30, 0, 40500000, 0, 0),
(97249, 176443, 530, 1555, -2011.31, 5442.24, -12.3448, 2.94524, 30, 0, 40500000, 0, 0),
(97250, 176443, 530, 1555, -2014.67, 5439.29, -12.3448, 2.94524, 30, 0, 40500000, 0, 0),
(97251, 177659, 530, 1555, -2009.38, 5414.39, -12.3448, 3.30034, 30, 0, 43990000, 0, 0),
(97252, 177659, 530, 1555, -1776.6, 5311.15, -12.3448, 2.2651, 30, 0, 43990000, 0, 0),
(97253, 176443, 530, 1555, -1759, 5332.68, -12.3448, 2.22491, 30, 0, 40500000, 0, 0),
(97254, 176443, 530, 1555, -1754.48, 5337, -12.3448, 2.22491, 30, 0, 40500000, 0, 0),
(97255, 176443, 530, 1555, -1754.48, 5332.68, -12.3448, 2.22491, 30, 0, 40500000, 0, 0),
(97256, 176443, 530, 1555, -1754.48, 5328, -12.3448, 2.22491, 30, 0, 40500000, 0, 0),
(97257, 176443, 530, 1555, -1750, 5332.68, -12.3448, 2.22491, 30, 0, 40500000, 0, 0),
(97258, 176443, 530, 1555, -2018.07, 5436.31, -12.3448, 2.94524, 30, 0, 40500000, 0, 0),
(97259, 176443, 530, 1555, -2017.52, 5442.53, -12.3448, 2.94524, 30, 0, 40500000, 0, 0),
(97260, 176443, 530, 1555, -1870.29, 5579.36, -12.3448, 4.89714, 30, 0, 40500000, 0, 0),
(97261, 176443, 530, 1555, -1876.27, 5577.56, -12.3448, 4.89714, 30, 0, 40500000, 0, 0),
(97262, 176443, 530, 1555, -1872.2, 5585.58, -12.3448, 4.89714, 30, 0, 40500000, 0, 0),
(97263, 176443, 530, 1555, -1878.31, 5583.43, -12.3448, 4.89714, 30, 0, 40500000, 0, 0),
(97264, 176443, 530, 1555, -1874.32, 5581.4, -12.3448, 4.89714, 30, 0, 40500000, 0, 0),
(97265, 177659, 530, 1555, -1856.4, 5584.61, -12.3448, 4.43675, 30, 0, 43990000, 0, 0),
(97266, 177659, 530, 1555, -1781.89, 5562.49, -12.3448, 4.24187, 30, 0, 43990000, 0, 0),
(97267, 176443, 530, 1555, -1766.78, 5542.37, -12.3448, 3.97767, 30, 0, 40500000, 0, 0),
(97268, 176443, 530, 1555, -1762.99, 5547.66, -12.3448, 3.97767, 30, 0, 40500000, 0, 0),
(97269, 176443, 530, 1555, -1768.41, 5551.21, -12.3448, 3.97767, 30, 0, 40500000, 0, 0),
(97270, 176443, 530, 1555, -1767.6, 5546.81, -12.3448, 3.97767, 30, 0, 40500000, 0, 0);

-- Add items sold by vendors.
INSERT IGNORE INTO `npc_vendor` (`entry`, `item`, `ExtendedCost`) VALUES 
(26300, 19339, 0),
(26300, 21625, 0),
(26300, 23206, 0),
(26300, 23207, 0),
(26300, 23836, 0),
(26300, 24114, 0),
(26300, 24121, 0),
(26300, 24128, 0),
(26300, 24258, 2),
(26300, 24259, 2),
(26300, 24551, 0),
(26300, 25829, 0),
(26300, 27529, 2),
(26300, 27683, 2),
(26300, 27770, 2),
(26300, 27822, 0),
(26300, 27896, 2),
(26300, 27920, 0),
(26300, 27921, 0),
(26300, 27926, 0),
(26300, 27927, 0),
(26300, 28121, 0),
(26300, 28190, 2),
(26300, 28223, 0),
(26300, 28227, 0),
(26300, 28234, 0),
(26300, 28235, 0),
(26300, 28236, 0),
(26300, 28237, 0),
(26300, 28238, 0),
(26300, 28239, 0),
(26300, 28240, 0),
(26300, 28241, 0),
(26300, 28242, 0),
(26300, 28243, 0),
(26300, 28244, 0),
(26300, 28245, 0),
(26300, 28246, 0),
(26300, 28247, 0),
(26300, 28327, 2),
(26300, 28370, 0),
(26300, 28379, 2),
(26300, 28380, 2),
(26300, 28407, 0),
(26300, 28509, 0),
(26300, 28516, 0),
(26300, 28528, 0),
(26300, 28529, 0),
(26300, 28553, 0),
(26300, 28555, 0),
(26300, 28579, 0),
(26300, 28590, 0),
(26300, 28649, 0),
(26300, 28660, 2),
(26300, 28661, 0),
(26300, 28672, 2),
(26300, 28727, 0),
(26300, 28730, 0),
(26300, 28731, 0),
(26300, 28753, 0),
(26300, 28757, 0),
(26300, 28762, 0),
(26300, 28763, 2),
(26300, 28765, 0),
(26300, 28766, 0),
(26300, 28777, 2),
(26300, 28785, 0),
(26300, 28789, 2),
(26300, 28790, 2),
(26300, 28791, 2),
(26300, 28793, 2),
(26300, 28797, 0),
(26300, 28822, 0),
(26300, 28823, 2),
(26300, 28830, 2),
(26300, 29279, 2),
(26300, 29283, 0),
(26300, 29287, 2),
(26300, 29290, 2),
(26300, 29323, 0),
(26300, 29347, 0),
(26300, 29367, 2),
(26300, 29368, 2),
(26300, 29369, 2),
(26300, 29370, 2),
(26300, 29373, 2),
(26300, 29374, 2),
(26300, 29375, 2),
(26300, 29376, 2),
(26300, 29379, 2),
(26300, 29381, 2),
(26300, 29382, 2),
(26300, 29383, 2),
(26300, 30300, 0),
(26300, 30343, 0),
(26300, 30344, 0),
(26300, 30345, 0),
(26300, 30346, 0),
(26300, 30348, 0),
(26300, 30349, 0),
(26300, 30350, 0),
(26300, 30351, 0),
(26300, 30365, 0),
(26300, 30726, 0),
(26300, 30735, 2),
(26300, 30736, 0),
(26300, 30834, 0),
(26300, 31077, 0),
(26300, 31078, 0),
(26300, 31919, 0),
(26300, 31920, 0),
(26300, 31921, 0),
(26300, 31923, 0),
(26300, 31924, 0),
(26300, 32534, 0),
(26300, 33056, 2),
(26300, 33057, 2),
(26300, 33064, 2),
(26300, 33065, 2),
(26300, 33066, 2),
(26300, 33067, 2),
(26300, 33068, 2),
(26300, 34837, 0),
(26300, 35511, 0),
(26301, 21846, 0),
(26301, 21847, 0),
(26301, 21848, 0),
(26301, 21869, 0),
(26301, 21870, 0),
(26301, 21871, 0),
(26301, 21873, 0),
(26301, 21874, 0),
(26301, 21875, 0),
(26301, 23825, 0),
(26301, 24249, 0),
(26301, 24250, 0),
(26301, 24255, 0),
(26301, 24262, 0),
(26301, 24264, 0),
(26301, 24266, 0),
(26301, 24552, 0),
(26301, 24553, 0),
(26301, 24554, 0),
(26301, 24555, 0),
(26301, 24556, 0),
(26301, 25854, 0),
(26301, 25855, 0),
(26301, 25856, 0),
(26301, 25857, 0),
(26301, 25858, 0),
(26301, 27707, 0),
(26301, 27708, 0),
(26301, 27709, 0),
(26301, 27710, 0),
(26301, 27711, 0),
(26301, 28402, 0),
(26301, 28404, 0),
(26301, 28405, 0),
(26301, 28409, 0),
(26301, 28410, 0),
(26301, 28411, 0),
(26301, 28477, 0),
(26301, 28507, 0),
(26301, 28508, 0),
(26301, 28511, 0),
(26301, 28515, 0),
(26301, 28517, 0),
(26301, 28565, 0),
(26301, 28578, 0),
(26301, 28585, 0),
(26301, 28586, 0),
(26301, 28594, 0),
(26301, 28602, 0),
(26301, 28612, 0),
(26301, 28652, 0),
(26301, 28654, 0),
(26301, 28663, 0),
(26301, 28670, 0),
(26301, 28726, 0),
(26301, 28742, 0),
(26301, 28744, 0),
(26301, 28756, 0),
(26301, 28780, 0),
(26301, 28799, 0),
(26301, 28804, 0),
(26301, 28963, 0),
(26301, 28964, 0),
(26301, 28966, 0),
(26301, 28967, 0),
(26301, 28968, 0),
(26301, 28980, 0),
(26301, 28981, 0),
(26301, 28982, 0),
(26301, 29001, 0),
(26301, 29002, 0),
(26301, 29003, 0),
(26301, 29049, 0),
(26301, 29050, 0),
(26301, 29053, 0),
(26301, 29054, 0),
(26301, 29055, 0),
(26301, 29056, 0),
(26301, 29057, 0),
(26301, 29058, 0),
(26301, 29059, 0),
(26301, 29060, 0),
(26301, 29076, 0),
(26301, 29077, 0),
(26301, 29078, 0),
(26301, 29079, 0),
(26301, 29080, 0),
(26301, 30186, 0),
(26301, 30187, 0),
(26301, 30188, 0),
(26301, 30200, 0),
(26301, 30201, 0),
(26301, 30668, 0),
(26301, 30673, 0),
(26301, 30675, 0),
(26301, 30680, 0),
(26301, 30684, 0),
(26301, 30725, 0),
(26301, 30727, 0),
(26301, 30734, 0),
(26301, 31409, 0),
(26301, 31410, 0),
(26301, 31411, 0),
(26301, 31412, 0),
(26301, 31413, 0),
(26301, 31434, 0),
(26301, 31442, 0),
(26301, 32973, 0),
(26301, 32974, 0),
(26301, 32975, 0),
(26301, 32976, 0),
(26301, 32977, 0),
(26301, 32978, 0),
(26302, 18283, 0),
(26302, 23765, 2),
(26302, 23766, 2),
(26302, 24274, 2),
(26302, 24276, 2),
(26302, 28886, 2),
(26302, 28887, 2),
(26302, 28888, 2),
(26302, 28889, 2),
(26302, 29186, 2),
(26302, 29189, 2),
(26302, 29190, 0),
(26302, 29191, 2),
(26302, 29192, 2),
(26302, 29535, 2),
(26302, 29536, 2),
(26302, 30846, 2),
(26302, 33185, 0),
(26302, 35396, 2),
(26302, 35397, 2),
(26302, 35398, 2),
(26302, 35399, 2),
(26302, 35400, 2),
(26302, 35417, 2),
(26302, 35418, 2),
(26302, 35419, 2),
(26302, 35420, 2),
(26302, 35421, 2),
(26302, 35422, 2),
(26302, 35423, 2),
(26302, 35424, 2),
(26302, 35425, 2),
(26302, 35426, 2),
(26302, 35427, 2),
(26302, 35428, 2),
(26302, 35429, 2),
(26302, 35430, 2),
(26302, 35431, 2),
(26302, 35432, 2),
(26302, 35433, 2),
(26302, 35434, 2),
(26302, 35435, 2),
(26302, 35436, 2),
(26302, 35437, 2),
(26302, 35438, 2),
(26302, 35439, 2),
(26302, 35440, 2),
(26302, 35441, 2),
(26302, 35442, 2),
(26302, 35443, 2),
(26302, 35444, 2),
(26302, 35445, 2),
(26302, 35446, 2),
(26302, 35447, 2),
(26302, 35448, 2),
(26302, 35449, 2),
(26302, 35450, 2),
(26302, 35451, 2),
(26302, 35452, 2),
(26302, 35453, 2),
(26302, 35454, 0),
(26302, 35455, 2),
(26302, 35456, 2),
(26302, 35457, 2),
(26302, 35458, 2),
(26302, 35459, 2),
(26302, 35460, 2),
(26302, 35461, 2),
(26302, 35462, 2),
(26302, 35728, 0),
(26302, 35729, 0),
(26302, 35730, 0),
(26302, 35731, 0),
(26303, 22459, 0),
(26303, 24027, 2),
(26303, 24028, 2),
(26303, 24029, 2),
(26303, 24030, 2),
(26303, 24031, 2),
(26303, 24032, 2),
(26303, 24033, 2),
(26303, 24035, 2),
(26303, 24036, 2),
(26303, 24037, 2),
(26303, 24039, 2),
(26303, 24047, 2),
(26303, 24048, 2),
(26303, 24050, 2),
(26303, 24051, 2),
(26303, 24052, 2),
(26303, 24053, 2),
(26303, 24054, 2),
(26303, 24055, 2),
(26303, 24056, 2),
(26303, 24057, 2),
(26303, 24058, 2),
(26303, 24059, 2),
(26303, 24060, 2),
(26303, 24061, 2),
(26303, 24062, 2),
(26303, 24065, 2),
(26303, 24066, 2),
(26303, 24067, 2),
(26303, 25890, 2),
(26303, 25893, 2),
(26303, 25894, 2),
(26303, 25895, 2),
(26303, 25896, 2),
(26303, 25897, 2),
(26303, 25898, 2),
(26303, 25899, 2),
(26303, 25901, 2),
(26303, 27679, 2),
(26303, 28118, 2),
(26303, 28119, 2),
(26303, 28120, 2),
(26303, 28123, 2),
(26303, 28362, 2),
(26303, 28363, 2),
(26303, 28557, 2),
(26303, 31861, 2),
(26303, 31863, 2),
(26303, 31865, 2),
(26303, 31867, 2),
(26303, 31868, 2),
(26303, 32409, 2),
(26303, 32410, 2),
(26303, 32634, 2),
(26303, 32635, 2),
(26303, 32636, 2),
(26303, 32637, 2),
(26303, 32638, 2),
(26303, 32639, 2),
(26303, 32640, 2),
(26303, 32641, 2),
(26303, 32836, 0),
(26303, 33131, 0),
(26303, 33133, 0),
(26303, 33134, 0),
(26303, 33135, 0),
(26303, 33140, 0),
(26303, 33143, 0),
(26303, 33144, 0),
(26303, 33782, 0),
(26303, 34220, 2),
(26304, 3776, 2),
(26304, 5140, 2),
(26304, 5565, 2),
(26304, 6265, 2),
(26304, 9088, 0),
(26304, 9186, 2),
(26304, 9224, 0),
(26304, 13454, 0),
(26304, 13511, 0),
(26304, 14344, 0),
(26304, 16203, 0),
(26304, 16204, 0),
(26304, 17020, 2),
(26304, 17029, 2),
(26304, 17030, 2),
(26304, 17033, 2),
(26304, 17056, 0),
(26304, 17057, 0),
(26304, 17058, 0),
(26304, 18241, 0),
(26304, 18242, 0),
(26304, 18244, 0),
(26304, 18245, 0),
(26304, 18246, 0),
(26304, 18248, 0),
(26304, 19029, 0),
(26304, 19030, 0),
(26304, 20520, 0),
(26304, 21177, 2),
(26304, 21884, 0),
(26304, 21885, 0),
(26304, 21886, 0),
(26304, 21927, 2),
(26304, 21991, 2),
(26304, 22018, 0),
(26304, 22019, 0),
(26304, 22054, 2),
(26304, 22055, 2),
(26304, 22146, 0),
(26304, 22147, 2),
(26304, 22148, 2),
(26304, 22445, 0),
(26304, 22446, 0),
(26304, 22448, 0),
(26304, 22449, 0),
(26304, 22450, 0),
(26304, 22451, 0),
(26304, 22452, 0),
(26304, 22456, 0),
(26304, 22457, 0),
(26304, 22463, 0),
(26304, 22794, 0),
(26304, 22825, 0),
(26304, 22829, 2),
(26304, 22831, 0),
(26304, 22832, 2),
(26304, 22834, 0),
(26304, 22836, 0),
(26304, 22837, 0),
(26304, 22838, 0),
(26304, 22839, 0),
(26304, 22840, 0),
(26304, 22841, 0),
(26304, 22842, 0),
(26304, 22844, 0),
(26304, 22846, 0),
(26304, 22847, 0),
(26304, 22848, 0),
(26304, 22849, 0),
(26304, 22851, 0),
(26304, 22853, 0),
(26304, 22854, 0),
(26304, 22861, 0),
(26304, 22866, 0),
(26304, 23571, 0),
(26304, 23572, 0),
(26304, 25844, 0),
(26304, 27655, 0),
(26304, 27657, 0),
(26304, 27658, 0),
(26304, 27664, 0),
(26304, 27666, 0),
(26304, 28056, 2),
(26304, 28061, 2),
(26304, 28103, 0),
(26304, 28104, 0),
(26304, 29449, 2),
(26304, 29450, 2),
(26304, 29451, 2),
(26304, 29466, 0),
(26304, 29528, 0),
(26304, 29529, 0),
(26304, 29530, 0),
(26304, 29531, 0),
(26304, 29532, 0),
(26304, 29549, 0),
(26304, 31676, 0),
(26304, 31677, 0),
(26304, 31679, 0),
(26304, 31837, 0),
(26304, 31949, 0),
(26304, 32062, 0),
(26304, 32063, 0),
(26304, 32067, 0),
(26304, 32453, 2),
(26304, 32844, 0),
(26304, 32845, 0),
(26304, 32846, 0),
(26304, 32847, 0),
(26304, 32882, 0),
(26304, 32883, 0),
(26304, 33052, 0),
(26304, 33208, 0),
(26304, 33872, 0),
(26304, 34129, 0),
(26304, 35906, 0),
(26305, 8345, 0),
(26305, 25830, 0),
(26305, 25831, 0),
(26305, 25832, 0),
(26305, 25833, 0),
(26305, 25834, 0),
(26305, 27531, 0),
(26305, 27797, 0),
(26305, 27837, 0),
(26305, 28126, 0),
(26305, 28127, 0),
(26305, 28128, 0),
(26305, 28129, 0),
(26305, 28130, 0),
(26305, 28136, 0),
(26305, 28137, 0),
(26305, 28138, 0),
(26305, 28139, 0),
(26305, 28140, 0),
(26305, 28224, 0),
(26305, 28264, 0),
(26305, 28422, 0),
(26305, 28423, 0),
(26305, 28424, 0),
(26305, 28443, 0),
(26305, 28444, 0),
(26305, 28445, 0),
(26305, 28446, 0),
(26305, 28447, 0),
(26305, 28448, 0),
(26305, 28453, 0),
(26305, 28506, 0),
(26305, 28514, 0),
(26305, 28521, 0),
(26305, 28545, 0),
(26305, 28591, 0),
(26305, 28600, 0),
(26305, 28601, 0),
(26305, 28647, 0),
(26305, 28655, 0),
(26305, 28669, 0),
(26305, 28732, 0),
(26305, 28741, 0),
(26305, 28750, 0),
(26305, 28752, 0),
(26305, 28755, 0),
(26305, 28776, 0),
(26305, 28796, 0),
(26305, 28803, 2),
(26305, 28828, 2),
(26305, 28976, 0),
(26305, 28977, 0),
(26305, 28978, 0),
(26305, 28986, 0),
(26305, 28987, 0),
(26305, 28988, 0),
(26305, 29004, 0),
(26305, 29005, 0),
(26305, 29006, 0),
(26305, 29044, 0),
(26305, 29045, 0),
(26305, 29046, 0),
(26305, 29047, 0),
(26305, 29048, 0),
(26305, 29086, 0),
(26305, 29087, 0),
(26305, 29088, 0),
(26305, 29089, 0),
(26305, 29090, 0),
(26305, 29091, 0),
(26305, 29092, 0),
(26305, 29093, 0),
(26305, 29094, 0),
(26305, 29095, 0),
(26305, 29096, 0),
(26305, 29097, 0),
(26305, 29098, 0),
(26305, 29099, 0),
(26305, 29100, 0),
(26305, 29246, 0),
(26305, 29247, 0),
(26305, 29522, 0),
(26305, 29523, 0),
(26305, 29524, 0),
(26305, 30644, 0),
(26305, 30674, 0),
(26305, 30676, 0),
(26305, 30681, 0),
(26305, 30685, 0),
(26305, 30730, 0),
(26305, 30737, 0),
(26305, 31288, 0),
(26305, 31375, 0),
(26305, 31376, 0),
(26305, 31377, 0),
(26305, 31378, 0),
(26305, 31379, 0),
(26305, 31594, 0),
(26305, 31595, 0),
(26305, 31596, 0),
(26305, 31597, 0),
(26305, 31598, 0),
(26305, 31599, 0),
(26305, 33204, 0),
(26306, 25997, 0),
(26306, 25998, 0),
(26306, 25999, 0),
(26306, 26000, 0),
(26306, 26001, 0),
(26306, 27469, 0),
(26306, 27470, 0),
(26306, 27471, 0),
(26306, 27472, 0),
(26306, 27473, 0),
(26306, 28331, 0),
(26306, 28332, 0),
(26306, 28333, 0),
(26306, 28334, 0),
(26306, 28335, 0),
(26306, 28449, 0),
(26306, 28450, 0),
(26306, 28451, 0),
(26306, 28454, 0),
(26306, 28503, 0),
(26306, 28519, 0),
(26306, 28520, 0),
(26306, 28567, 0),
(26306, 28583, 0),
(26306, 28589, 0),
(26306, 28599, 0),
(26306, 28605, 0),
(26306, 28610, 0),
(26306, 28629, 0),
(26306, 28630, 0),
(26306, 28631, 0),
(26306, 28638, 0),
(26306, 28639, 0),
(26306, 28640, 0),
(26306, 28656, 0),
(26306, 28671, 0),
(26306, 28735, 0),
(26306, 28740, 0),
(26306, 28746, 0),
(26306, 28751, 0),
(26306, 28778, 0),
(26306, 28810, 0),
(26306, 28973, 0),
(26306, 28974, 0),
(26306, 28975, 0),
(26306, 28989, 0),
(26306, 28990, 0),
(26306, 28991, 0),
(26306, 28992, 0),
(26306, 28993, 0),
(26306, 28994, 0),
(26306, 29028, 0),
(26306, 29029, 0),
(26306, 29030, 0),
(26306, 29031, 0),
(26306, 29032, 0),
(26306, 29033, 0),
(26306, 29034, 0),
(26306, 29035, 0),
(26306, 29036, 0),
(26306, 29037, 0),
(26306, 29038, 0),
(26306, 29039, 0),
(26306, 29040, 0),
(26306, 29042, 0),
(26306, 29043, 0),
(26306, 29081, 0),
(26306, 29082, 0),
(26306, 29083, 0),
(26306, 29084, 0),
(26306, 29085, 0),
(26306, 29519, 0),
(26306, 29520, 0),
(26306, 29521, 0),
(26306, 30643, 0),
(26306, 30677, 0),
(26306, 30682, 0),
(26306, 30686, 0),
(26306, 30728, 0),
(26306, 30739, 0),
(26306, 31396, 0),
(26306, 31397, 0),
(26306, 31400, 0),
(26306, 31406, 0),
(26306, 31407, 0),
(26306, 32991, 0),
(26306, 32992, 0),
(26306, 32993, 0),
(26306, 32994, 0),
(26306, 32995, 0),
(26306, 32996, 0),
(26308, 24544, 0),
(26308, 24545, 0),
(26308, 24546, 0),
(26308, 24547, 0),
(26308, 24549, 0),
(26308, 27702, 0),
(26308, 27703, 0),
(26308, 27704, 0),
(26308, 27705, 0),
(26308, 27706, 0),
(26308, 27879, 0),
(26308, 27880, 0),
(26308, 27881, 0),
(26308, 27882, 0),
(26308, 27883, 0),
(26308, 28381, 0),
(26308, 28383, 0),
(26308, 28385, 0),
(26308, 28502, 0),
(26308, 28505, 0),
(26308, 28512, 0),
(26308, 28518, 0),
(26308, 28566, 0),
(26308, 28569, 0),
(26308, 28593, 0),
(26308, 28597, 0),
(26308, 28608, 0),
(26308, 28621, 0),
(26308, 28641, 0),
(26308, 28642, 0),
(26308, 28644, 0),
(26308, 28645, 0),
(26308, 28662, 0),
(26308, 28666, 0),
(26308, 28733, 0),
(26308, 28743, 0),
(26308, 28747, 0),
(26308, 28748, 0),
(26308, 28775, 0),
(26308, 28779, 2),
(26308, 28795, 2),
(26308, 28824, 2),
(26308, 28983, 0),
(26308, 28985, 0),
(26308, 28995, 0),
(26308, 28997, 0),
(26308, 28998, 0),
(26308, 29000, 0),
(26308, 29011, 0),
(26308, 29012, 0),
(26308, 29015, 0),
(26308, 29016, 0),
(26308, 29017, 0),
(26308, 29019, 0),
(26308, 29020, 0),
(26308, 29021, 0),
(26308, 29022, 0),
(26308, 29023, 0),
(26308, 29061, 0),
(26308, 29062, 0),
(26308, 29063, 0),
(26308, 29064, 0),
(26308, 29065, 0),
(26308, 29066, 0),
(26308, 29067, 0),
(26308, 29068, 0),
(26308, 29069, 0),
(26308, 29070, 0),
(26308, 29071, 0),
(26308, 29072, 0),
(26308, 29073, 0),
(26308, 29074, 0),
(26308, 29075, 0),
(26308, 30641, 0),
(26308, 30678, 0),
(26308, 30683, 0),
(26308, 30687, 0),
(26308, 30731, 0),
(26308, 30740, 0),
(26308, 30741, 0),
(26308, 31613, 0),
(26308, 31614, 0),
(26308, 31616, 0),
(26308, 31618, 0),
(26308, 31619, 0),
(26308, 32982, 0),
(26308, 32983, 0),
(26308, 32984, 0),
(26308, 32985, 0),
(26308, 32987, 0),
(26309, 23197, 0),
(26309, 23198, 0),
(26309, 24413, 0),
(26309, 24550, 0),
(26309, 24557, 0),
(26309, 25643, 0),
(26309, 27518, 0),
(26309, 27815, 0),
(26309, 27886, 0),
(26309, 27890, 0),
(26309, 28064, 0),
(26309, 28248, 0),
(26309, 28294, 0),
(26309, 28295, 0),
(26309, 28297, 0),
(26309, 28298, 0),
(26309, 28299, 0),
(26309, 28300, 0),
(26309, 28302, 0),
(26309, 28305, 0),
(26309, 28307, 0),
(26309, 28308, 0),
(26309, 28309, 0),
(26309, 28310, 0),
(26309, 28312, 0),
(26309, 28313, 0),
(26309, 28314, 0),
(26309, 28319, 0),
(26309, 28320, 0),
(26309, 28345, 0),
(26309, 28346, 0),
(26309, 28355, 0),
(26309, 28356, 0),
(26309, 28357, 0),
(26309, 28358, 0),
(26309, 28429, 0),
(26309, 28438, 0),
(26309, 28441, 0),
(26309, 28476, 0),
(26309, 28504, 0),
(26309, 28522, 0),
(26309, 28524, 0),
(26309, 28525, 0),
(26309, 28572, 0),
(26309, 28573, 0),
(26309, 28581, 0),
(26309, 28584, 0),
(26309, 28587, 0),
(26309, 28588, 0),
(26309, 28603, 0),
(26309, 28604, 0),
(26309, 28606, 0),
(26309, 28611, 0),
(26309, 28633, 0),
(26309, 28657, 0),
(26309, 28658, 0),
(26309, 28659, 0),
(26309, 28673, 0),
(26309, 28728, 0),
(26309, 28729, 0),
(26309, 28734, 0),
(26309, 28749, 0),
(26309, 28754, 0),
(26309, 28767, 0),
(26309, 28768, 0),
(26309, 28770, 0),
(26309, 28771, 0),
(26309, 28772, 0),
(26309, 28773, 2),
(26309, 28774, 2),
(26309, 28781, 0),
(26309, 28782, 2),
(26309, 28783, 2),
(26309, 28794, 2),
(26309, 28800, 0),
(26309, 28802, 2),
(26309, 28825, 0),
(26309, 28826, 0),
(26309, 29267, 2),
(26309, 29268, 2),
(26309, 29269, 2),
(26309, 29270, 2),
(26309, 29271, 2),
(26309, 29272, 2),
(26309, 29273, 2),
(26309, 29274, 2),
(26309, 29275, 2),
(26309, 29346, 0),
(26309, 29388, 2),
(26309, 29389, 2),
(26309, 29390, 2),
(26309, 29458, 0),
(26309, 30722, 0),
(26309, 30723, 0),
(26309, 30724, 0),
(26309, 30732, 0),
(26309, 30733, 0),
(26309, 31334, 0),
(26309, 32387, 0),
(26309, 32450, 0),
(26309, 32451, 0),
(26309, 32452, 0),
(26309, 33936, 0),
(26309, 33939, 0),
(26309, 33942, 0),
(26309, 33945, 0),
(26309, 33948, 0),
(26309, 33951, 0),
(181670, 13513, 0),
(181670, 21863, 0),
(181670, 21864, 0),
(181670, 21865, 0),
(181670, 21866, 0),
(181670, 21867, 0),
(181670, 21868, 0),
(181670, 23509, 0),
(181670, 23510, 0),
(181670, 23511, 0),
(181670, 23512, 0),
(181670, 24092, 0),
(181670, 24093, 0),
(181670, 24095, 0),
(181670, 24098, 0),
(181670, 29187, 0),
(181670, 29194, 0),
(181670, 29195, 0),
(181670, 29196, 0),
(181670, 29197, 0),
(181670, 29198, 0),
(181670, 29199, 0),
(181670, 29485, 0),
(181670, 29486, 0),
(181670, 29487, 0),
(181670, 29488, 0),
(181670, 29495, 0),
(181670, 29496, 0),
(181670, 29497, 0),
(181670, 30761, 0),
(181670, 30762, 0),
(181670, 30763, 0),
(181670, 30764, 0),
(181670, 30825, 0),
(181670, 30831, 0),
(181670, 30837, 0),
(181670, 30838, 0),
(181670, 30839, 0),
(181670, 30845, 0),
(181670, 31074, 0),
(181670, 31113, 0),
(181670, 31341, 0),
(181670, 31364, 0),
(181670, 31367, 0),
(181670, 31368, 0),
(181670, 31369, 0),
(181670, 31370, 0),
(181670, 31371, 0),
(181670, 31398, 0),
(181670, 31399, 0),
(181670, 31746, 0),
(181670, 31936, 0),
(181670, 33208, 0),
(181670, 33867, 0),
(181670, 35435, 2);

-- Add gameobject spawns.
INSERT INTO `gameobject` (`guid`, `id`, `map`, `position_x`, `position_y`, `position_z`, `orientation`, `rotation0`, `rotation1`, `rotation2`, `rotation3`, `spawntimesecs`, `animprogress`, `state`) VALUES 
(73500, 188215, 530, -1851.88, 5411.85, -12.3448, 5.42564, 0, 0, -0.415755, 0.909477, 30, 100, 1),
(73501, 188215, 530, -1855.7, 5410.06, -12.3448, 5.2673, 0, 0, -0.48638, 0.873748, 30, 100, 1),
(73502, 188215, 530, -1851.88, 5411.85, -8.66147, 5.42564, 0, 0, -0.415755, 0.909477, 30, 100, 1),
(73503, 188215, 530, -1855.7, 5410.06, -8.66146, 5.2673, 0, 0, -0.48638, 0.873748, 30, 100, 1),
(73504, 188215, 530, -1859.95, 5408.83, -12.3448, 5.15695, 0, 0, -0.533826, 0.845594, 30, 100, 1),
(73505, 188215, 530, -1859.95, 5408.83, -8.66147, 5.15695, 0, 0, -0.533826, 0.845594, 30, 100, 1),
(73506, 188215, 530, -1848.89, 5414.8, -12.3448, 5.93428, 0, 0, -0.173567, 0.984822, 30, 100, 1),
(73507, 188215, 530, -1848.89, 5414.8, -8.66146, 5.93428, 0, 0, -0.173567, 0.984822, 30, 100, 1),
(73508, 188215, 530, -1844.4, 5420.01, -12.3448, 5.66332, 0, 0, -0.304996, 0.952354, 30, 100, 1),
(73509, 188215, 530, -1844.4, 5420.01, -8.66146, 5.66332, 0, 0, -0.304996, 0.952354, 30, 100, 1),
(73510, 188215, 530, -1867.6, 5408.88, -12.3448, 5.05096, 0, 0, -0.577868, 0.81613, 30, 100, 1),
(73511, 188215, 530, -1867.6, 5408.88, -8.66147, 5.05096, 0, 0, -0.577868, 0.81613, 30, 100, 1),
(73512, 188215, 530, -1856.88, 5421.74, -10.3805, 4.79811, 0, 0, -0.67616, 0.736755, 30, 100, 1),
(73513, 188215, 530, -1873.22, 5410.54, -12.3448, 4.70954, 0, 0, -0.708115, 0.706097, 30, 100, 1),
(73514, 188215, 530, -1873.22, 5410.54, -8.66147, 4.70954, 0, 0, -0.708115, 0.706097, 30, 100, 1),
(73515, 188215, 530, -1842.02, 5427.67, -12.3448, 0, 0, 0, 0, 1, 30, 100, 1),
(73516, 188215, 530, -1842.02, 5427.67, -8.66147, 0, 0, 0, 0, 1, 30, 100, 1),
(73517, 188215, 530, -1876.94, 5412.73, -12.3448, 4.30756, 0, 0, -0.834823, 0.550519, 30, 100, 1),
(73518, 188215, 530, -1876.94, 5412.73, -8.66147, 4.30756, 0, 0, -0.834823, 0.550519, 30, 100, 1),
(73519, 188215, 530, -1842.65, 5433.94, -12.3448, 0.280968, 0, 0, 0.140022, 0.990148, 30, 100, 1),
(73520, 188215, 530, -1842.65, 5433.94, -8.66147, 0.280968, 0, 0, 0.140022, 0.990148, 30, 100, 1),
(73521, 188215, 530, -1879.89, 5416.09, -12.3448, 3.51319, 0, 0, -0.982789, 0.184731, 30, 100, 1),
(73522, 188215, 530, -1879.89, 5416.09, -8.66147, 3.51319, 0, 0, -0.982789, 0.184731, 30, 100, 1),
(73523, 188215, 530, -1882.39, 5419.37, -12.3448, 3.5808, 0, 0, -0.975984, 0.217844, 30, 100, 1),
(73524, 188215, 530, -1882.39, 5419.37, -8.66147, 3.5808, 0, 0, -0.975984, 0.217844, 30, 100, 1),
(73525, 188215, 530, -1844.83, 5439.55, -12.3448, 0.518507, 0, 0, 0.256359, 0.966582, 30, 100, 1),
(73526, 188215, 530, -1844.83, 5439.55, -8.66147, 0.518507, 0, 0, 0.256359, 0.966582, 30, 100, 1),
(73527, 188215, 530, -1884.43, 5423.71, -12.3448, 3.3743, 0, 0, -0.993238, 0.116092, 30, 100, 1),
(73528, 188215, 530, -1884.43, 5423.71, -8.66147, 3.3743, 0, 0, -0.993238, 0.116092, 30, 100, 1),
(73529, 188215, 530, -1848.15, 5444.83, -12.3448, 0.485055, 0, 0, 0.240157, 0.970734, 30, 100, 1),
(73530, 188215, 530, -1848.15, 5444.83, -8.66147, 0.485055, 0, 0, 0.240157, 0.970734, 30, 100, 1),
(73531, 188215, 530, -1885.38, 5428.12, -12.3449, 3.26035, 0, 0, -0.998238, 0.0593438, 30, 100, 1),
(73532, 188215, 530, -1885.38, 5428.12, -8.66153, 3.26035, 0, 0, -0.998238, 0.0593438, 30, 100, 1),
(73533, 188215, 530, -1852.31, 5449.11, -12.3448, 0.645178, 0, 0, 0.317023, 0.948418, 30, 100, 1),
(73534, 188215, 530, -1885.66, 5432.64, -12.3449, 3.746, 0, 0, -0.954683, 0.297624, 30, 100, 1),
(73535, 188215, 530, -1852.31, 5449.11, -8.66147, 0.645178, 0, 0, 0.317023, 0.948418, 30, 100, 1),
(73536, 188215, 530, -1885.66, 5432.64, -8.66158, 3.746, 0, 0, -0.954683, 0.297624, 30, 100, 1),
(73537, 188215, 530, -1859.84, 5451.23, -12.3448, 1.05085, 0, 0, 0.501579, 0.865112, 30, 100, 1),
(73538, 188215, 530, -1859.84, 5451.23, -8.66146, 1.05085, 0, 0, 0.501579, 0.865112, 30, 100, 1),
(73539, 188215, 530, -1883.06, 5440.09, -12.3448, 2.67356, 0, 0, 0.972743, 0.231886, 30, 100, 1),
(73540, 188215, 530, -1883.06, 5440.09, -8.66146, 2.67356, 0, 0, 0.972743, 0.231886, 30, 100, 1),
(73541, 188215, 530, -1868.24, 5450.97, -12.3448, 2.26655, 0, 0, 0.905804, 0.423698, 30, 100, 1),
(73542, 188215, 530, -1868.24, 5450.97, -8.66147, 2.26655, 0, 0, 0.905804, 0.423698, 30, 100, 1),
(73543, 188215, 530, -1878.27, 5446.13, -12.3448, 2.75066, 0, 0, 0.980957, 0.194225, 30, 100, 1),
(73544, 188215, 530, -1878.27, 5446.13, -8.66147, 2.75066, 0, 0, 0.980957, 0.194225, 30, 100, 1),
(73545, 188215, 530, -1874.08, 5449.19, -12.3448, 2.23072, 0, 0, 0.898069, 0.439854, 30, 100, 1),
(73546, 188215, 530, -1874.08, 5449.19, -8.66147, 2.23072, 0, 0, 0.898069, 0.439854, 30, 100, 1),
(73547, 188215, 530, -1962.25, 5174.55, -37.6729, 0.45466, 0, 0, 0.225377, 0.974272, 30, 100, 1);

