DROP TABLE IF EXISTS `player_premade_item`;
CREATE TABLE IF NOT EXISTS `player_premade_item` (
  `entry` int(10) unsigned NOT NULL,
  `item` int(10) unsigned NOT NULL,
  `enchant` int(10) unsigned NOT NULL DEFAULT '0',
  `team` int(10) unsigned NOT NULL DEFAULT '0'
) ENGINE=InnoDB DEFAULT CHARSET=utf8 COLLATE=utf8_unicode_ci;

INSERT INTO `player_premade_item` (`entry`, `item`, `enchant`, `team`) VALUES
	(1, 12640, 1506, 0),
	(1, 15411, 0, 0),
	(1, 12927, 2488, 0),
	(1, 13340, 849, 0),
	(1, 11726, 1891, 0),
	(1, 12936, 1885, 0),
	(1, 15063, 927, 0),
	(1, 13142, 0, 0),
	(1, 15062, 1506, 0),
	(1, 12555, 911, 0),
	(1, 17713, 0, 0),
	(1, 18500, 0, 0),
	(1, 11815, 0, 0),
	(1, 13965, 0, 0),
	(1, 11684, 1900, 0),
	(1, 15806, 1900, 0),
	(1, 12651, 664, 0),
	(2, 12640, 1506, 0),
	(2, 15411, 0, 0),
	(2, 12927, 2488, 0),
	(2, 13340, 849, 0),
	(2, 11726, 1891, 0),
	(2, 12936, 1885, 0),
	(2, 13957, 927, 0),
	(2, 13959, 0, 0),
	(2, 14554, 1506, 0),
	(2, 14616, 1887, 0),
	(2, 13098, 0, 0),
	(2, 12548, 469, 0),
	(2, 17713, 67, 0),
	(2, 11815, 0, 0),
	(2, 13965, 0, 0),
	(2, 12784, 1900, 0),
	(3, 13404, 1508, 0),
	(3, 15411, 0, 0),
	(3, 12927, 2488, 0),
	(3, 13340, 849, 0),
	(3, 11726, 1891, 0),
	(3, 13211, 247, 0),
	(3, 15062, 1508, 0),
	(3, 15063, 1887, 0),
	(3, 12634, 0, 0),
	(3, 16675, 1887, 0),
	(3, 17713, 0, 0),
	(3, 13098, 0, 0),
	(3, 13965, 0, 0),
	(3, 11815, 0, 0),
	(3, 12940, 1897, 0),
	(3, 12939, 1897, 0),
	(3, 2099, 664, 0),
	(4, 13404, 1508, 0),
	(4, 15411, 0, 0),
	(4, 12927, 2488, 0),
	(4, 13340, 849, 0),
	(4, 14637, 1891, 0),
	(4, 13120, 1885, 0),
	(4, 15062, 1508, 0),
	(4, 15063, 1887, 0),
	(4, 13252, 0, 0),
	(4, 12553, 1887, 0),
	(4, 17713, 0, 0),
	(4, 13098, 0, 0),
	(4, 11815, 0, 0),
	(4, 13965, 0, 0),
	(4, 12940, 1897, 0),
	(4, 12939, 1900, 0),
	(4, 12651, 664, 0),
	(5, 14111, 1509, 0),
	(5, 12103, 0, 0),
	(5, 14112, 2488, 0),
	(5, 15421, 1888, 0),
	(5, 14136, 1891, 0),
	(5, 11766, 1883, 0),
	(5, 13170, 1509, 0),
	(5, 13253, 930, 0),
	(5, 11662, 0, 0),
	(5, 11822, 911, 0),
	(5, 12543, 0, 469),
	(5, 12545, 0, 67),
	(5, 13001, 0, 0),
	(5, 12930, 0, 0),
	(5, 11832, 0, 0),
	(5, 13349, 2504, 0),
	(5, 11904, 0, 0),
	(5, 13396, 0, 0),
	(6, 12752, 2544, 0),
	(6, 12103, 0, 0),
	(6, 13133, 2488, 0),
	(6, 11623, 1888, 0),
	(6, 12624, 1891, 0),
	(6, 11765, 1883, 0),
	(6, 13170, 2544, 0),
	(6, 13253, 930, 0),
	(6, 11662, 0, 0),
	(6, 13954, 911, 0),
	(6, 13001, 0, 0),
	(6, 12545, 0, 67),
	(6, 11824, 0, 469),
	(6, 12930, 0, 0),
	(6, 13968, 0, 0),
	(6, 13161, 2504, 0),
	(7, 14332, 1509, 0),
	(7, 12103, 0, 0),
	(7, 11782, 2488, 0),
	(7, 13386, 1888, 0),
	(7, 14152, 1891, 0),
	(7, 11766, 1883, 0),
	(7, 13170, 1509, 0),
	(7, 13253, 930, 0),
	(7, 11662, 0, 0),
	(7, 11822, 911, 0),
	(7, 942, 0, 0),
	(7, 942, 0, 0),
	(7, 12930, 0, 0),
	(7, 13968, 0, 0),
	(7, 13964, 2443, 0),
	(7, 10796, 0, 0),
	(7, 13938, 0, 0),
	(8, 12752, 1509, 0),
	(8, 12103, 0, 0),
	(8, 14112, 2488, 0),
	(8, 10249, 1888, 0),
	(8, 14153, 1891, 0),
	(8, 10248, 1883, 0),
	(8, 13170, 1509, 0),
	(8, 14146, 930, 0),
	(8, 11662, 0, 0),
	(8, 11822, 911, 0),
	(8, 12543, 0, 469),
	(8, 12545, 0, 67),
	(8, 13001, 0, 0),
	(8, 13968, 0, 0),
	(8, 12930, 0, 0),
	(8, 17719, 0, 0),
	(8, 10796, 0, 0),
	(8, 13396, 0, 0),
	(9, 10504, 1509, 0),
	(9, 12103, 0, 0),
	(9, 13013, 2488, 0),
	(9, 11623, 1888, 0),
	(9, 11924, 1891, 0),
	(9, 11766, 1883, 0),
	(9, 13170, 1509, 0),
	(9, 13253, 930, 0),
	(9, 11662, 0, 0),
	(9, 11822, 911, 0),
	(9, 12543, 0, 469),
	(9, 12545, 0, 67),
	(9, 13001, 0, 0),
	(9, 12930, 0, 0),
	(9, 13968, 0, 0),
	(9, 13964, 0, 0),
	(9, 10796, 0, 0),
	(10, 12633, 1509, 0),
	(10, 13141, 0, 0),
	(10, 12625, 2488, 0),
	(10, 11623, 1888, 0),
	(10, 13346, 1891, 0),
	(10, 13969, 1883, 0),
	(10, 13170, 1509, 0),
	(10, 12554, 930, 0),
	(10, 14553, 0, 0),
	(10, 13954, 911, 0),
	(10, 16058, 0, 0),
	(10, 13178, 0, 0),
	(10, 11819, 0, 0),
	(10, 12930, 0, 0),
	(10, 11923, 2505, 0),
	(10, 11928, 0, 0),
	(11, 13102, 1509, 0),
	(11, 13141, 0, 0),
	(11, 13013, 2488, 0),
	(11, 13386, 1888, 0),
	(11, 14154, 1891, 0),
	(11, 13107, 1884, 0),
	(11, 13170, 1509, 0),
	(11, 12554, 930, 0),
	(11, 12589, 0, 0),
	(11, 11822, 911, 0),
	(11, 16058, 0, 0),
	(11, 13001, 0, 0),
	(11, 11819, 0, 0),
	(11, 12930, 0, 0),
	(11, 11923, 2505, 0),
	(11, 11928, 0, 0),
	(11, 13938, 0, 0),
	(12, 13216, 1509, 0),
	(12, 13141, 0, 0),
	(12, 14548, 2488, 0),
	(12, 13386, 1888, 0),
	(12, 13346, 1891, 0),
	(12, 13969, 1883, 0),
	(12, 11841, 1509, 0),
	(12, 12554, 930, 0),
	(12, 14553, 0, 0),
	(12, 11822, 911, 0),
	(12, 16058, 0, 0),
	(12, 13178, 0, 0),
	(12, 12930, 0, 0),
	(12, 11819, 0, 0),
	(12, 11923, 2505, 0),
	(12, 17718, 929, 0),
	(13, 13102, 1483, 0),
	(13, 13141, 0, 0),
	(13, 15061, 2488, 0),
	(13, 13386, 1888, 0),
	(13, 13346, 1891, 0),
	(13, 13208, 1884, 0),
	(13, 12554, 930, 0),
	(13, 14553, 0, 0),
	(13, 11841, 1483, 0),
	(13, 13954, 911, 0),
	(13, 13143, 0, 0),
	(13, 13178, 0, 0),
	(13, 12930, 0, 0),
	(13, 11819, 0, 0),
	(13, 11923, 2505, 0),
	(13, 11928, 0, 0),
	(14, 12640, 1503, 0),
	(14, 13091, 0, 0),
	(14, 16733, 2488, 0),
	(14, 13397, 1889, 0),
	(14, 11726, 1891, 0),
	(14, 16735, 1886, 0),
	(14, 13072, 1887, 0),
	(14, 13142, 0, 0),
	(14, 14554, 1503, 0),
	(14, 13259, 911, 0),
	(14, 2246, 0, 0),
	(14, 17713, 0, 0),
	(14, 11815, 0, 0),
	(14, 17774, 0, 0),
	(14, 13015, 1900, 67),
	(14, 15806, 1900, 469),
	(14, 12602, 929, 0),
	(14, 12651, 664, 0),
	(15, 871, 1900, 0),
	(15, 1168, 863, 0),
	(15, 11746, 1503, 0),
	(15, 14623, 1503, 0),
	(15, 15413, 1891, 0),
	(15, 14552, 2488, 0),
	(15, 14622, 1887, 0),
	(15, 13951, 923, 0),
	(15, 11930, 1889, 0),
	(15, 13091, 0, 0),
	(15, 14621, 911, 0),
	(15, 14620, 0, 0),
	(15, 11669, 0, 0),
	(15, 15855, 0, 0),
	(15, 11810, 0, 0),
	(15, 17774, 0, 0),
	(16, 13404, 1508, 0),
	(16, 11755, 0, 0),
	(16, 12927, 2488, 0),
	(16, 12551, 849, 0),
	(16, 12757, 1891, 0),
	(16, 12966, 1886, 0),
	(16, 15063, 1887, 0),
	(16, 14502, 0, 0),
	(16, 15062, 1508, 0),
	(16, 14641, 1887, 0),
	(16, 15855, 0, 0),
	(16, 12544, 0, 67),
	(16, 11669, 0, 469),
	(16, 11811, 0, 0),
	(16, 13966, 0, 0),
	(16, 943, 2646, 0),
	(17, 21677, 0, 0),
	(17, 19406, 0, 0),
	(17, 23041, 0, 0),
	(17, 23045, 849, 0),
	(17, 23054, 1900, 0),
	(17, 23577, 1900, 0),
	(17, 22811, 664, 0),
	(17, 23038, 0, 0),
	(17, 21581, 2564, 0),
	(17, 22936, 1885, 0),
	(17, 12640, 1506, 0),
	(17, 23053, 0, 0),
	(17, 21330, 2717, 0),
	(17, 23000, 1891, 0),
	(17, 23219, 0, 0),
	(17, 23068, 1506, 0),
	(17, 19387, 911, 0),
	(18, 23038, 0, 0),
	(18, 21677, 0, 0),
	(18, 22321, 0, 0),
	(18, 19289, 0, 0),
	(18, 23045, 849, 0),
	(18, 22691, 1900, 0),
	(18, 23203, 0, 0),
	(18, 21623, 2564, 0),
	(18, 22936, 1885, 0),
	(18, 21387, 1506, 0),
	(18, 18404, 0, 0),
	(18, 21391, 2717, 0),
	(18, 21389, 1891, 0),
	(18, 23219, 0, 0),
	(18, 21390, 1506, 0),
	(18, 21388, 1887, 0),
	(19, 22961, 0, 0),
	(19, 23041, 0, 0),
	(19, 19406, 0, 0),
	(19, 23045, 849, 0),
	(19, 22816, 2564, 0),
	(19, 22802, 2564, 0),
	(19, 22812, 664, 0),
	(19, 23067, 0, 0),
	(19, 22441, 2564, 0),
	(19, 22443, 247, 0),
	(19, 22438, 2586, 0),
	(19, 23053, 0, 0),
	(19, 22439, 2717, 0),
	(19, 22436, 1891, 0),
	(19, 22442, 0, 0),
	(19, 22437, 2586, 0),
	(19, 22440, 911, 0),
	(20, 23038, 0, 0),
	(20, 23041, 0, 0),
	(20, 22954, 0, 0),
	(20, 23045, 849, 0),
	(20, 23054, 1900, 0),
	(20, 23577, 1900, 0),
	(20, 22812, 664, 0),
	(20, 23060, 0, 0),
	(20, 22481, 2564, 0),
	(20, 22483, 1885, 0),
	(20, 22478, 2585, 0),
	(20, 19377, 0, 0),
	(20, 22479, 2717, 0),
	(20, 22476, 1891, 0),
	(20, 22482, 0, 0),
	(20, 22477, 2585, 0),
	(20, 22480, 1887, 0),
	(21, 21210, 0, 0),
	(21, 19379, 0, 0),
	(21, 23046, 0, 0),
	(21, 22731, 2621, 0),
	(21, 22988, 2504, 0),
	(21, 23049, 0, 0),
	(21, 22821, 0, 0),
	(21, 21709, 0, 0),
	(21, 21585, 2614, 0),
	(21, 21611, 2565, 0),
	(21, 23035, 2544, 0),
	(21, 18814, 0, 0),
	(21, 22983, 2721, 0),
	(21, 23220, 1891, 0),
	(21, 19400, 0, 0),
	(21, 19133, 2544, 0),
	(21, 19131, 911, 0),
	(22, 21709, 0, 0),
	(22, 19379, 0, 0),
	(22, 23046, 0, 0),
	(22, 23050, 1888, 0),
	(22, 22988, 2504, 0),
	(22, 23049, 0, 0),
	(22, 23199, 0, 0),
	(22, 21707, 0, 0),
	(22, 21585, 2615, 0),
	(22, 21464, 1883, 0),
	(22, 19375, 2587, 0),
	(22, 22943, 0, 0),
	(22, 21376, 2605, 0),
	(22, 21671, 1891, 0),
	(22, 22730, 0, 0),
	(22, 21375, 2587, 0),
	(22, 21373, 911, 0),
	(23, 23237, 0, 0),
	(23, 19379, 0, 0),
	(23, 23046, 0, 0),
	(23, 23050, 2621, 0),
	(23, 22807, 2504, 0),
	(23, 23049, 0, 0),
	(23, 22821, 0, 0),
	(23, 23062, 0, 0),
	(23, 21585, 2616, 0),
	(23, 23021, 1883, 0),
	(23, 22498, 2588, 0),
	(23, 23057, 0, 0),
	(23, 22983, 2721, 0),
	(23, 22496, 1891, 0),
	(23, 22730, 0, 0),
	(23, 23070, 2544, 0),
	(23, 22500, 911, 0),
	(24, 23025, 0, 0),
	(24, 19379, 0, 0),
	(24, 23046, 0, 0),
	(24, 23050, 2621, 0),
	(24, 22807, 2504, 0),
	(24, 23049, 0, 0),
	(24, 22821, 0, 0),
	(24, 21709, 0, 0),
	(24, 21585, 2614, 0),
	(24, 21186, 1883, 0),
	(24, 22506, 2589, 0),
	(24, 23057, 0, 0),
	(24, 22507, 2605, 0),
	(24, 22504, 1891, 0),
	(24, 22730, 0, 0),
	(24, 23070, 2589, 0),
	(24, 22508, 911, 0),
	(25, 23025, 0, 0),
	(25, 21709, 0, 0),
	(25, 19379, 0, 0),
	(25, 23046, 0, 0),
	(25, 23050, 1888, 0),
	(25, 22988, 2504, 0),
	(25, 23049, 0, 0),
	(25, 21585, 2617, 0),
	(25, 23021, 1883, 0),
	(25, 19684, 911, 0),
	(25, 19683, 1509, 0),
	(25, 22730, 0, 0),
	(25, 19682, 1891, 0),
	(25, 22983, 2721, 0),
	(25, 23057, 0, 0),
	(25, 19375, 1509, 0),
	(25, 23197, 0, 0),
	(26, 19382, 0, 0),
	(26, 19395, 0, 0),
	(26, 23047, 0, 0),
	(26, 23050, 2621, 0),
	(26, 23056, 2505, 0),
	(26, 23075, 929, 0),
	(26, 23006, 0, 0),
	(26, 23066, 0, 0),
	(26, 20264, 2617, 0),
	(26, 21604, 1883, 0),
	(26, 19375, 2584, 0),
	(26, 23057, 0, 0),
	(26, 22429, 2715, 0),
	(26, 22425, 1891, 0),
	(26, 21582, 0, 0),
	(26, 22427, 2584, 0),
	(26, 22430, 911, 0),
	(27, 22939, 0, 0),
	(27, 23027, 0, 0),
	(27, 23047, 0, 0),
	(27, 22960, 1888, 0),
	(27, 23056, 2505, 0),
	(27, 23048, 0, 0),
	(27, 23009, 0, 0),
	(27, 23061, 0, 0),
	(27, 22517, 2617, 0),
	(27, 21604, 1884, 0),
	(27, 21615, 2544, 0),
	(27, 21712, 0, 0),
	(27, 22515, 2488, 0),
	(27, 22512, 1891, 0),
	(27, 21582, 0, 0),
	(27, 22513, 1509, 0),
	(27, 22516, 911, 0),
	(28, 21620, 0, 0),
	(28, 23047, 0, 0),
	(28, 19395, 0, 0),
	(28, 21583, 2621, 0),
	(28, 23056, 2505, 0),
	(28, 22819, 929, 0),
	(28, 22396, 0, 0),
	(28, 23065, 0, 0),
	(28, 22469, 2617, 0),
	(28, 22471, 2565, 0),
	(28, 22466, 2587, 0),
	(28, 21712, 0, 0),
	(28, 22467, 2715, 0),
	(28, 22464, 1891, 0),
	(28, 22470, 0, 0),
	(28, 22465, 2587, 0),
	(28, 22468, 911, 0),
	(29, 22939, 0, 0),
	(29, 21620, 0, 0),
	(29, 19395, 0, 0),
	(29, 23047, 0, 0),
	(29, 22960, 1888, 0),
	(29, 23056, 2505, 0),
	(29, 23048, 0, 0),
	(29, 22493, 2617, 0),
	(29, 21604, 2566, 0),
	(29, 22492, 911, 0),
	(29, 22489, 2591, 0),
	(29, 21582, 0, 0),
	(29, 22488, 1891, 0),
	(29, 22491, 2715, 0),
	(29, 21712, 0, 0),
	(29, 20628, 2591, 0),
	(29, 23004, 0, 0),
	(30, 22418, 2583, 0),
	(30, 22732, 0, 0),
	(30, 22419, 2716, 0),
	(30, 21710, 2622, 0),
	(30, 22416, 1891, 0),
	(30, 22423, 1886, 0),
	(30, 21674, 2564, 0),
	(30, 23219, 0, 0),
	(30, 22417, 2583, 0),
	(30, 22420, 1887, 0),
	(30, 23059, 0, 0),
	(30, 21205, 0, 0),
	(30, 19406, 0, 0),
	(30, 22954, 0, 0),
	(30, 21126, 1900, 0),
	(30, 23043, 929, 0),
	(30, 22811, 664, 0),
	(31, 21387, 2584, 0),
	(31, 22732, 0, 0),
	(31, 21639, 2721, 0),
	(31, 22938, 2622, 0),
	(31, 21389, 1891, 0),
	(31, 20616, 1886, 0),
	(31, 21674, 2564, 0),
	(31, 21598, 0, 0),
	(31, 19855, 2584, 0),
	(31, 21706, 1887, 0),
	(31, 21200, 0, 0),
	(31, 21601, 0, 0),
	(31, 19431, 0, 0),
	(31, 18406, 0, 0),
	(31, 23577, 2504, 0),
	(31, 22818, 929, 0),
	(31, 22401, 0, 0),
	(32, 21693, 1508, 0),
	(32, 22732, 0, 0),
	(32, 19389, 2716, 0),
	(32, 22938, 2622, 0),
	(32, 23226, 1891, 0),
	(32, 22663, 1886, 0),
	(32, 21672, 2564, 0),
	(32, 21675, 0, 0),
	(32, 22740, 1508, 0),
	(32, 19381, 1887, 0),
	(32, 23018, 0, 0),
	(32, 21601, 0, 0),
	(32, 22954, 0, 0),
	(32, 19406, 0, 0),
	(32, 943, 2646, 0),
	(32, 23198, 0, 0),
	(33, 19972, 1508, 0),
	(33, 20444, 0, 469),
	(33, 20442, 0, 67),
	(33, 10657, 2606, 0),
	(33, 10399, 1891, 0),
	(33, 15331, 1886, 0),
	(33, 6586, 2564, 0),
	(33, 6468, 0, 0),
	(33, 10410, 1508, 0),
	(33, 1121, 911, 0),
	(33, 2933, 0, 469),
	(33, 6414, 0, 67),
	(33, 20439, 0, 469),
	(33, 20429, 0, 67),
	(33, 19024, 0, 0),
	(33, 19024, 0, 0),
	(33, 2059, 849, 0),
	(33, 1482, 2564, 0),
	(33, 1935, 2564, 0),
	(33, 6469, 2523, 0),
	(34, 15339, 1508, 0),
	(34, 19541, 0, 469),
	(34, 19537, 0, 67),
	(34, 2278, 2606, 0),
	(34, 4119, 1891, 0),
	(34, 9455, 1886, 0),
	(34, 20117, 0, 469),
	(34, 20191, 0, 67),
	(34, 9624, 1508, 0),
	(34, 20114, 1887, 469),
	(34, 20188, 1887, 67),
	(34, 6727, 2564, 0),
	(34, 2933, 0, 469),
	(34, 6414, 0, 67),
	(34, 19517, 0, 469),
	(34, 19513, 0, 67),
	(34, 19024, 0, 0),
	(34, 19024, 0, 0),
	(34, 13108, 849, 0),
	(34, 13033, 2564, 0),
	(34, 776, 2564, 0),
	(34, 6696, 2523, 0),
	(35, 15156, 1508, 0),
	(35, 19536, 0, 67),
	(35, 19540, 0, 469),
	(35, 7755, 2606, 0),
	(35, 10583, 1891, 0),
	(35, 9428, 1886, 0),
	(35, 13117, 0, 0),
	(35, 1718, 2586, 0),
	(35, 20187, 1887, 67),
	(35, 20113, 1887, 469),
	(35, 6727, 2564, 0),
	(35, 13095, 0, 0),
	(35, 2951, 0, 0),
	(35, 1404, 0, 0),
	(35, 19024, 0, 0),
	(35, 13108, 849, 0),
	(35, 6802, 2564, 0),
	(35, 10823, 2564, 0),
	(35, 19564, 0, 469),
	(35, 19560, 2523, 67),
	(36, 9479, 1508, 0),
	(36, 13089, 0, 0),
	(36, 17749, 2606, 0),
	(36, 17742, 1891, 0),
	(36, 13117, 0, 0),
	(36, 8262, 1508, 0),
	(36, 20112, 1887, 469),
	(36, 20189, 1887, 67),
	(36, 19590, 1886, 0),
	(36, 15708, 2564, 0),
	(36, 19516, 0, 469),
	(36, 19511, 0, 67),
	(36, 17713, 67, 0),
	(36, 10645, 0, 0),
	(36, 19024, 0, 0),
	(36, 11626, 849, 0),
	(36, 17705, 2564, 0),
	(36, 12535, 2564, 0),
	(36, 2100, 2523, 0),
	(37, 19972, 1483, 0),
	(37, 10657, 2605, 0),
	(37, 1486, 1891, 0),
	(37, 2911, 0, 0),
	(37, 12987, 1483, 0),
	(37, 19969, 911, 0),
	(37, 12977, 2614, 0),
	(37, 2933, 0, 469),
	(37, 6414, 0, 67),
	(37, 20431, 0, 469),
	(37, 20426, 0, 67),
	(37, 19024, 0, 0),
	(37, 19024, 0, 0),
	(37, 6667, 2622, 0),
	(37, 935, 2504, 0),
	(37, 16768, 0, 0),
	(37, 7001, 0, 0),
	(37, 20444, 0, 469),
	(37, 20442, 0, 67),
	(37, 9768, 1883, 0),
	(38, 10502, 1483, 0),
	(38, 4197, 2605, 0),
	(38, 7728, 1891, 0),
	(38, 20099, 0, 469),
	(38, 20164, 0, 67),
	(38, 12987, 1483, 0),
	(38, 20096, 929, 469),
	(38, 20162, 929, 67),
	(38, 7047, 2614, 0),
	(38, 19525, 0, 469),
	(38, 19521, 0, 67),
	(38, 20431, 0, 469),
	(38, 20426, 0, 67),
	(38, 21566, 0, 0),
	(38, 19024, 0, 0),
	(38, 14219, 1889, 0),
	(38, 2549, 2504, 0),
	(38, 13063, 0, 0),
	(38, 12019, 0, 0),
	(38, 14206, 1883, 0),
	(39, 10502, 1483, 0),
	(39, 1714, 0, 0),
	(39, 4197, 2605, 0),
	(39, 10762, 1891, 0),
	(39, 20098, 0, 469),
	(39, 20166, 0, 67),
	(39, 10002, 1483, 0),
	(39, 20095, 929, 469),
	(39, 20161, 929, 67),
	(39, 7047, 2614, 0),
	(39, 1980, 0, 0),
	(39, 1980, 0, 0),
	(39, 21566, 0, 0),
	(39, 19024, 0, 0),
	(39, 7524, 2622, 0),
	(39, 873, 2504, 0),
	(39, 5215, 0, 0),
	(39, 9909, 1883, 0),
	(40, 10502, 1483, 0),
	(40, 17707, 0, 0),
	(40, 11624, 2605, 0),
	(40, 10021, 1891, 0),
	(40, 11662, 0, 0),
	(40, 10002, 1483, 0),
	(40, 20094, 929, 469),
	(40, 20160, 929, 67),
	(40, 19597, 0, 0),
	(40, 21318, 2614, 0),
	(40, 1980, 0, 0),
	(40, 1980, 0, 0),
	(40, 21565, 0, 0),
	(40, 19024, 0, 0),
	(40, 11623, 1888, 0),
	(40, 873, 2504, 0),
	(40, 15280, 0, 0),
	(41, 19972, 1508, 0),
	(41, 20444, 0, 469),
	(41, 20442, 0, 67),
	(41, 10657, 2606, 0),
	(41, 2041, 0, 469),
	(41, 10399, 1891, 67),
	(41, 6468, 0, 0),
	(41, 10410, 1508, 0),
	(41, 1121, 911, 0),
	(41, 3202, 1886, 0),
	(41, 2933, 0, 469),
	(41, 6414, 0, 67),
	(41, 20439, 0, 469),
	(41, 20429, 0, 67),
	(41, 19024, 0, 0),
	(41, 19024, 0, 0),
	(41, 2059, 849, 0),
	(41, 5191, 2564, 0),
	(41, 16768, 0, 0),
	(41, 6469, 2523, 0),
	(41, 6586, 2564, 0),
	(42, 19972, 1508, 0),
	(42, 19541, 0, 469),
	(42, 19537, 0, 67),
	(42, 2278, 2606, 0),
	(42, 4119, 1891, 0),
	(42, 20090, 0, 469),
	(42, 20152, 0, 67),
	(42, 9624, 1508, 0),
	(42, 20157, 911, 67),
	(42, 20093, 911, 469),
	(42, 9455, 1886, 0),
	(42, 6727, 2564, 0),
	(42, 2933, 0, 469),
	(42, 6414, 0, 67),
	(42, 19517, 0, 469),
	(42, 19513, 0, 67),
	(42, 19024, 0, 0),
	(42, 19024, 0, 0),
	(42, 13108, 849, 0),
	(42, 19549, 2564, 469),
	(42, 19545, 2564, 67),
	(42, 16768, 0, 0),
	(42, 17686, 0, 0),
	(43, 15156, 1508, 0),
	(43, 19540, 0, 469),
	(43, 19536, 0, 67),
	(43, 7755, 2606, 0),
	(43, 13110, 1891, 0),
	(43, 13117, 0, 0),
	(43, 1718, 2586, 0),
	(43, 2276, 1887, 0),
	(43, 9428, 1886, 0),
	(43, 6727, 2564, 0),
	(43, 2951, 0, 0),
	(43, 19515, 0, 469),
	(43, 19512, 0, 67),
	(43, 1404, 0, 0),
	(43, 19024, 0, 0),
	(43, 13108, 849, 0),
	(43, 10823, 2564, 0),
	(43, 9401, 2564, 0),
	(43, 2825, 2523, 0),
	(44, 17767, 2586, 0),
	(44, 11946, 0, 0),
	(44, 17749, 2606, 0),
	(44, 17742, 1891, 0),
	(44, 13117, 0, 0),
	(44, 11749, 2586, 0),
	(44, 11627, 1887, 0),
	(44, 19590, 1886, 0),
	(44, 17736, 2564, 0),
	(44, 17713, 67, 0),
	(44, 9533, 0, 0),
	(44, 1404, 0, 0),
	(44, 19024, 0, 0),
	(44, 11626, 849, 0),
	(44, 12527, 2564, 0),
	(44, 10823, 2564, 0),
	(44, 17753, 2523, 0),
	(45, 19972, 1508, 0),
	(45, 20444, 0, 469),
	(45, 20442, 0, 67),
	(45, 10657, 2605, 0),
	(45, 10399, 1891, 0),
	(45, 6468, 0, 0),
	(45, 10410, 1508, 0),
	(45, 1121, 911, 0),
	(45, 2933, 0, 469),
	(45, 6414, 0, 67),
	(45, 4998, 0, 0),
	(45, 19024, 0, 0),
	(45, 19024, 0, 0),
	(45, 2059, 849, 0),
	(45, 1483, 2568, 0),
	(45, 16768, 0, 0),
	(45, 15331, 1886, 0),
	(45, 6586, 2564, 0),
	(46, 15339, 1508, 0),
	(46, 12028, 0, 0),
	(46, 2278, 2606, 0),
	(46, 4119, 1891, 0),
	(46, 9455, 1886, 0),
	(46, 15148, 0, 0),
	(46, 9624, 1508, 0),
	(46, 20114, 1887, 469),
	(46, 20188, 1887, 67),
	(46, 6727, 2564, 0),
	(46, 11996, 0, 0),
	(46, 12054, 0, 0),
	(46, 19024, 0, 0),
	(46, 19024, 0, 0),
	(46, 13108, 849, 0),
	(46, 9449, 2646, 0),
	(47, 15156, 1508, 0),
	(47, 19536, 0, 67),
	(47, 19540, 0, 469),
	(47, 10774, 2606, 0),
	(47, 10583, 1891, 0),
	(47, 13117, 0, 0),
	(47, 1718, 1508, 0),
	(47, 20187, 1887, 67),
	(47, 20113, 1887, 469),
	(47, 9428, 1886, 0),
	(47, 10777, 2564, 0),
	(47, 19512, 0, 67),
	(47, 19515, 0, 469),
	(47, 2951, 0, 0),
	(47, 1404, 0, 0),
	(47, 19024, 0, 0),
	(47, 5257, 2622, 0),
	(47, 9449, 2646, 0),
	(48, 9479, 1508, 0),
	(48, 13089, 0, 0),
	(48, 17749, 2606, 0),
	(48, 17742, 1891, 0),
	(48, 13117, 0, 0),
	(48, 1718, 1508, 0),
	(48, 17728, 1887, 0),
	(48, 18710, 1886, 0),
	(48, 8260, 2564, 0),
	(48, 17713, 0, 0),
	(48, 19511, 0, 67),
	(48, 19516, 0, 469),
	(48, 19120, 0, 0),
	(48, 19024, 0, 0),
	(48, 11626, 849, 0),
	(48, 9449, 2646, 0),
	(49, 19972, 1503, 0),
	(49, 20444, 0, 469),
	(49, 20442, 0, 67),
	(49, 10657, 2605, 0),
	(49, 1486, 1891, 0),
	(49, 2911, 0, 0),
	(49, 12987, 1483, 0),
	(49, 19969, 911, 0),
	(49, 1974, 1883, 0),
	(49, 12977, 2615, 0),
	(49, 20431, 0, 469),
	(49, 20426, 0, 67),
	(49, 2933, 0, 469),
	(49, 6414, 0, 67),
	(49, 19024, 0, 0),
	(49, 19024, 0, 0),
	(49, 6667, 2622, 0),
	(49, 935, 2504, 0),
	(49, 16768, 0, 0),
	(49, 7001, 0, 0),
	(50, 10502, 1483, 0),
	(50, 12019, 0, 0),
	(50, 4197, 2605, 0),
	(50, 7728, 1891, 0),
	(50, 20164, 0, 67),
	(50, 20099, 0, 469),
	(50, 23173, 1509, 0),
	(50, 20162, 911, 67),
	(50, 20096, 911, 469),
	(50, 14206, 1883, 0),
	(50, 9491, 2615, 0),
	(50, 9538, 0, 469),
	(50, 9588, 0, 67),
	(50, 19525, 0, 469),
	(50, 19521, 0, 67),
	(50, 21566, 0, 0),
	(50, 19024, 0, 0),
	(50, 14219, 1889, 0),
	(50, 13033, 2504, 0),
	(50, 16887, 0, 67),
	(50, 15935, 0, 469),
	(50, 13063, 0, 0),
	(51, 7720, 1503, 0),
	(51, 1714, 0, 0),
	(51, 14247, 2605, 0),
	(51, 14261, 2622, 0),
	(51, 1716, 1891, 0),
	(51, 14260, 1886, 0),
	(51, 10003, 2615, 0),
	(51, 20166, 0, 67),
	(51, 20098, 0, 469),
	(51, 10009, 1503, 0),
	(51, 20161, 911, 67),
	(51, 20095, 911, 469),
	(51, 9461, 0, 0),
	(51, 19520, 0, 67),
	(51, 19524, 0, 469),
	(51, 19024, 0, 0),
	(51, 1404, 0, 0),
	(51, 873, 2504, 0),
	(51, 7514, 0, 0),
	(52, 3075, 1503, 0),
	(52, 17707, 0, 0),
	(52, 11624, 2605, 0),
	(52, 17050, 1891, 0),
	(52, 11662, 0, 0),
	(52, 9484, 1509, 0),
	(52, 20094, 911, 469),
	(52, 20160, 911, 67),
	(52, 19597, 1886, 0),
	(52, 10787, 2615, 0),
	(52, 942, 0, 0),
	(52, 942, 0, 0),
	(52, 21565, 0, 0),
	(52, 19024, 0, 0),
	(52, 11623, 1888, 0),
	(52, 11784, 2504, 0),
	(52, 10796, 0, 0),
	(52, 11748, 0, 0),
	(53, 19972, 1508, 0),
	(53, 20444, 0, 469),
	(53, 10657, 2715, 0),
	(53, 10399, 1891, 0),
	(53, 6460, 0, 0),
	(53, 6087, 1506, 469),
	(53, 19969, 911, 0),
	(53, 7003, 1885, 469),
	(53, 12994, 2564, 0),
	(53, 2933, 0, 469),
	(53, 20431, 0, 469),
	(53, 19024, 0, 0),
	(53, 19024, 0, 0),
	(53, 2059, 849, 0),
	(53, 5815, 1900, 0),
	(54, 2721, 2544, 0),
	(54, 5003, 0, 0),
	(54, 4197, 2715, 0),
	(54, 7728, 1891, 0),
	(54, 20108, 0, 469),
	(54, 7423, 2544, 0),
	(54, 9454, 911, 0),
	(54, 9865, 2566, 0),
	(54, 9491, 2617, 0),
	(54, 19525, 0, 469),
	(54, 20431, 0, 469),
	(54, 21568, 0, 0),
	(54, 19024, 0, 0),
	(54, 19533, 2622, 469),
	(54, 2816, 2505, 0),
	(54, 6725, 929, 0),
	(55, 13127, 1503, 0),
	(55, 13087, 0, 0),
	(55, 13131, 2716, 0),
	(55, 1488, 1891, 0),
	(55, 20108, 0, 469),
	(55, 6087, 1503, 469),
	(55, 20111, 929, 469),
	(55, 3228, 1886, 0),
	(55, 6906, 2564, 0),
	(55, 2039, 0, 0),
	(55, 19517, 0, 469),
	(55, 21568, 0, 0),
	(55, 19024, 0, 0),
	(55, 13108, 849, 0),
	(55, 7752, 803, 0),
	(55, 6725, 929, 0),
	(56, 13127, 1506, 0),
	(56, 13087, 0, 0),
	(56, 15553, 2606, 0),
	(56, 1488, 1891, 0),
	(56, 20108, 0, 469),
	(56, 6087, 1506, 469),
	(56, 20111, 1887, 469),
	(56, 4438, 1885, 0),
	(56, 6906, 2564, 0),
	(56, 13097, 0, 0),
	(56, 19517, 0, 469),
	(56, 21568, 0, 0),
	(56, 19024, 0, 0),
	(56, 13108, 849, 0),
	(56, 6687, 1900, 0),
	(57, 7719, 1506, 0),
	(57, 13088, 0, 0),
	(57, 10774, 2606, 0),
	(57, 7759, 1891, 0),
	(57, 13117, 0, 0),
	(57, 10330, 1506, 0),
	(57, 20111, 1887, 469),
	(57, 13199, 1885, 0),
	(57, 7724, 2564, 0),
	(57, 13095, 0, 0),
	(57, 2262, 0, 0),
	(57, 1404, 0, 0),
	(57, 19024, 0, 0),
	(57, 10776, 849, 0),
	(57, 9425, 1900, 0),
	(58, 7719, 1503, 0),
	(58, 13088, 0, 0),
	(58, 13132, 2716, 0),
	(58, 10328, 1891, 0),
	(58, 6742, 0, 0),
	(58, 10330, 1503, 0),
	(58, 1678, 929, 0),
	(58, 13199, 1886, 0),
	(58, 7724, 2564, 0),
	(58, 13095, 0, 0),
	(58, 4549, 0, 0),
	(58, 1404, 0, 0),
	(58, 19024, 0, 0),
	(58, 5257, 849, 0),
	(58, 7721, 1900, 0),
	(58, 7726, 929, 0),
	(59, 10504, 1509, 0),
	(59, 1714, 0, 0),
	(59, 15608, 2715, 0),
	(59, 10762, 1891, 0),
	(59, 9931, 0, 0),
	(59, 15607, 2544, 0),
	(59, 15599, 929, 0),
	(59, 9409, 2566, 0),
	(59, 15612, 2617, 0),
	(59, 19525, 0, 469),
	(59, 19524, 0, 469),
	(59, 1404, 0, 0),
	(59, 19024, 0, 0),
	(59, 19532, 2622, 469),
	(59, 7721, 2505, 0),
	(59, 1204, 929, 0),
	(60, 10504, 1509, 0),
	(60, 17707, 0, 0),
	(60, 11632, 2715, 0),
	(60, 11633, 1891, 0),
	(60, 10166, 0, 0),
	(60, 10244, 2544, 0),
	(60, 14922, 911, 0),
	(60, 10171, 2566, 0),
	(60, 9640, 2617, 0),
	(60, 11824, 0, 0),
	(60, 19523, 0, 469),
	(60, 21567, 0, 0),
	(60, 19024, 0, 0),
	(60, 19531, 2622, 469),
	(60, 7721, 2505, 0),
	(60, 17718, 929, 0),
	(61, 9479, 1506, 0),
	(61, 12034, 0, 0),
	(61, 11632, 2717, 0),
	(61, 11633, 1891, 0),
	(61, 10798, 0, 0),
	(61, 17711, 1506, 0),
	(61, 20109, 929, 469),
	(61, 19581, 1885, 0),
	(61, 9640, 2564, 0),
	(61, 17713, 67, 0),
	(61, 19516, 0, 469),
	(61, 17774, 0, 0),
	(61, 19024, 0, 0),
	(61, 11626, 849, 0),
	(61, 13018, 1900, 0),
	(62, 10749, 1503, 0),
	(62, 12034, 0, 0),
	(62, 11632, 2716, 0),
	(62, 11633, 1891, 0),
	(62, 10798, 0, 0),
	(62, 17711, 1503, 0),
	(62, 20127, 929, 0),
	(62, 18447, 1886, 469),
	(62, 9640, 2564, 0),
	(62, 17713, 67, 0),
	(62, 19516, 0, 469),
	(62, 17774, 0, 0),
	(62, 19024, 0, 0),
	(62, 11626, 849, 0),
	(62, 19555, 1900, 469),
	(62, 1979, 929, 0),
	(63, 19972, 1503, 0),
	(63, 20444, 0, 469),
	(63, 20442, 0, 67),
	(63, 10657, 2606, 0),
	(63, 10399, 1891, 0),
	(63, 6460, 0, 0),
	(63, 6087, 1506, 469),
	(63, 15511, 1506, 67),
	(63, 19969, 911, 0),
	(63, 7003, 1885, 469),
	(63, 4534, 1885, 67),
	(63, 12994, 2564, 0),
	(63, 2933, 0, 469),
	(63, 6414, 0, 67),
	(63, 20439, 0, 469),
	(63, 20429, 0, 67),
	(63, 19024, 0, 0),
	(63, 19024, 0, 0),
	(63, 2059, 849, 0),
	(63, 7230, 1900, 0),
	(63, 20438, 2523, 469),
	(63, 20437, 2523, 67),
	(64, 13127, 1503, 0),
	(64, 13087, 0, 0),
	(64, 13131, 2716, 0),
	(64, 6972, 1891, 469),
	(64, 7133, 1891, 67),
	(64, 20126, 0, 469),
	(64, 20207, 0, 67),
	(64, 9625, 1503, 0),
	(64, 9510, 929, 0),
	(64, 4438, 1886, 0),
	(64, 6906, 2564, 0),
	(64, 19517, 0, 469),
	(64, 19513, 0, 67),
	(64, 13097, 0, 0),
	(64, 19024, 0, 0),
	(64, 19024, 0, 0),
	(64, 13108, 849, 0),
	(64, 6804, 1898, 67),
	(64, 19557, 1898, 469),
	(64, 6725, 929, 0),
	(64, 6696, 2523, 0),
	(65, 13127, 1506, 0),
	(65, 13087, 0, 0),
	(65, 3765, 2606, 67),
	(65, 13131, 2606, 469),
	(65, 1488, 1891, 0),
	(65, 20126, 0, 469),
	(65, 20207, 0, 67),
	(65, 7423, 1506, 0),
	(65, 20129, 929, 469),
	(65, 20210, 929, 67),
	(65, 4438, 1885, 0),
	(65, 6906, 2564, 0),
	(65, 19517, 0, 469),
	(65, 19513, 0, 67),
	(65, 13097, 0, 0),
	(65, 19024, 0, 0),
	(65, 19024, 0, 0),
	(65, 13108, 849, 0),
	(65, 6687, 1900, 0),
	(65, 6696, 2523, 0),
	(66, 7719, 1506, 0),
	(66, 13088, 0, 0),
	(66, 10774, 2606, 0),
	(66, 10328, 1891, 0),
	(66, 13117, 0, 0),
	(66, 10330, 1506, 0),
	(66, 1678, 911, 0),
	(66, 13199, 1885, 0),
	(66, 7724, 2564, 0),
	(66, 2262, 0, 0),
	(66, 13095, 0, 0),
	(66, 1404, 0, 0),
	(66, 19024, 0, 0),
	(66, 5257, 849, 0),
	(66, 6830, 1900, 469),
	(66, 870, 1900, 67),
	(66, 9426, 2523, 0),
	(67, 7719, 1503, 0),
	(67, 13088, 0, 0),
	(67, 13132, 2716, 0),
	(67, 10328, 1891, 0),
	(67, 13117, 0, 0),
	(67, 9396, 1503, 0),
	(67, 1678, 929, 0),
	(67, 13199, 1886, 0),
	(67, 7724, 2564, 0),
	(67, 2262, 0, 0),
	(67, 13095, 0, 0),
	(67, 1404, 0, 0),
	(67, 19024, 0, 0),
	(67, 18706, 849, 0),
	(67, 868, 2564, 0),
	(67, 7726, 929, 0),
	(67, 9426, 2523, 0),
	(68, 9479, 1506, 0),
	(68, 19159, 0, 67),
	(68, 13089, 0, 469),
	(68, 13066, 2606, 0),
	(68, 11626, 849, 0),
	(68, 13067, 1891, 0),
	(68, 19581, 1885, 0),
	(68, 9640, 927, 0),
	(68, 10798, 0, 0),
	(68, 17711, 1506, 0),
	(68, 20127, 929, 469),
	(68, 20211, 929, 67),
	(68, 19516, 0, 469),
	(68, 19511, 0, 67),
	(68, 17713, 0, 0),
	(68, 7734, 0, 0),
	(68, 21326, 0, 0),
	(68, 2291, 1900, 0),
	(68, 13039, 2523, 0),
	(69, 14849, 1503, 0),
	(69, 19539, 0, 469),
	(69, 19535, 0, 67),
	(69, 13066, 2716, 0),
	(69, 13067, 1891, 0),
	(69, 10798, 0, 0),
	(69, 17711, 1503, 0),
	(69, 14549, 929, 0),
	(69, 19581, 1886, 0),
	(69, 9640, 2564, 0),
	(69, 19516, 0, 469),
	(69, 19511, 0, 67),
	(69, 17713, 67, 0),
	(69, 21567, 0, 0),
	(69, 19024, 0, 0),
	(69, 20219, 849, 0),
	(69, 1721, 2564, 0),
	(69, 1979, 929, 0),
	(69, 13039, 2523, 0),
	(70, 19972, 1503, 0),
	(70, 20444, 0, 469),
	(70, 20442, 0, 67),
	(70, 10657, 2605, 0),
	(70, 1486, 1891, 0),
	(70, 2911, 0, 0),
	(70, 12987, 1483, 0),
	(70, 19969, 911, 0),
	(70, 9768, 1883, 0),
	(70, 12977, 2614, 0),
	(70, 2933, 0, 469),
	(70, 6414, 0, 67),
	(70, 20431, 0, 469),
	(70, 20426, 0, 67),
	(70, 19024, 0, 0),
	(70, 19024, 0, 0),
	(70, 20428, 2622, 469),
	(70, 20427, 2622, 67),
	(70, 2271, 2504, 0),
	(70, 7001, 0, 0),
	(71, 2721, 1503, 0),
	(71, 12019, 0, 0),
	(71, 4197, 2604, 0),
	(71, 7728, 1891, 0),
	(71, 20099, 0, 469),
	(71, 20164, 0, 67),
	(71, 7368, 1483, 0),
	(71, 20162, 851, 67),
	(71, 20096, 851, 469),
	(71, 14206, 1883, 0),
	(71, 9491, 2617, 0),
	(71, 19525, 0, 469),
	(71, 19521, 0, 67),
	(71, 20431, 0, 469),
	(71, 20426, 0, 67),
	(71, 21566, 0, 0),
	(71, 19024, 0, 0),
	(71, 19533, 2622, 469),
	(71, 19529, 2622, 67),
	(71, 2816, 2505, 0),
	(71, 15935, 0, 0),
	(71, 13063, 0, 0),
	(72, 10502, 1483, 0),
	(72, 12019, 0, 0),
	(72, 4197, 2605, 0),
	(72, 7728, 1891, 0),
	(72, 20099, 0, 469),
	(72, 20164, 0, 67),
	(72, 7368, 1483, 0),
	(72, 20162, 851, 67),
	(72, 20096, 851, 469),
	(72, 14206, 1883, 0),
	(72, 7047, 2614, 0),
	(72, 19525, 0, 469),
	(72, 19521, 0, 67),
	(72, 20431, 0, 469),
	(72, 20426, 0, 67),
	(72, 21566, 0, 0),
	(72, 19024, 0, 0),
	(72, 14219, 1889, 0),
	(72, 2549, 2504, 0),
	(72, 13063, 0, 0),
	(73, 10504, 1509, 0),
	(73, 1714, 0, 0),
	(73, 14247, 2605, 0),
	(73, 10762, 1891, 0),
	(73, 20166, 0, 67),
	(73, 20098, 0, 469),
	(73, 10002, 1483, 0),
	(73, 20161, 851, 67),
	(73, 20095, 851, 469),
	(73, 9909, 1883, 0),
	(73, 10003, 2614, 0),
	(73, 1980, 0, 0),
	(73, 1980, 0, 0),
	(73, 21566, 0, 0),
	(73, 19024, 0, 0),
	(73, 7524, 2622, 0),
	(73, 873, 2504, 0),
	(73, 5215, 0, 0),
	(74, 10504, 1509, 0),
	(74, 1714, 0, 0),
	(74, 4197, 2604, 0),
	(74, 1716, 1891, 0),
	(74, 20166, 0, 67),
	(74, 20098, 0, 469),
	(74, 9407, 1483, 0),
	(74, 10578, 911, 0),
	(74, 11469, 1883, 0),
	(74, 9910, 2617, 0),
	(74, 19520, 0, 67),
	(74, 19524, 0, 469),
	(74, 9461, 0, 0),
	(74, 21566, 0, 0),
	(74, 19024, 0, 0),
	(74, 19532, 2622, 469),
	(74, 19528, 2622, 67),
	(74, 7721, 2505, 0),
	(74, 9393, 0, 0),
	(74, 13064, 0, 0),
	(75, 10504, 1509, 0),
	(75, 17707, 0, 0),
	(75, 11624, 2604, 0),
	(75, 10021, 1891, 0),
	(75, 11662, 0, 0),
	(75, 14283, 1483, 0),
	(75, 20094, 851, 469),
	(75, 20160, 851, 67),
	(75, 19597, 1883, 0),
	(75, 10787, 2617, 0),
	(75, 19523, 0, 469),
	(75, 19519, 0, 67),
	(75, 11945, 0, 0),
	(75, 21565, 0, 0),
	(75, 19024, 0, 0),
	(75, 11623, 1888, 0),
	(75, 7721, 2505, 0),
	(75, 10796, 0, 0),
	(75, 15280, 0, 0),
	(76, 10504, 1509, 0),
	(76, 17707, 0, 0),
	(76, 11624, 2605, 0),
	(76, 1716, 1891, 0),
	(76, 11662, 0, 0),
	(76, 10002, 1483, 0),
	(76, 20094, 851, 469),
	(76, 20160, 851, 67),
	(76, 19597, 1883, 0),
	(76, 10787, 2614, 0),
	(76, 1980, 0, 0),
	(76, 1980, 0, 0),
	(76, 21565, 0, 0),
	(76, 19024, 0, 0),
	(76, 11623, 1888, 0),
	(76, 873, 2504, 0),
	(76, 15280, 0, 0),
	(77, 19972, 1503, 0),
	(77, 20442, 0, 67),
	(77, 10657, 2605, 0),
	(77, 10399, 1891, 0),
	(77, 6468, 0, 0),
	(77, 6587, 1503, 0),
	(77, 19969, 911, 0),
	(77, 15331, 1886, 0),
	(77, 6586, 2617, 0),
	(77, 6414, 0, 0),
	(77, 20426, 0, 67),
	(77, 19024, 0, 0),
	(77, 19024, 0, 0),
	(77, 6667, 2622, 0),
	(77, 2567, 2568, 0),
	(77, 7002, 929, 0),
	(78, 2721, 2544, 0),
	(78, 12019, 0, 0),
	(78, 4197, 2604, 0),
	(78, 7728, 1891, 0),
	(78, 20197, 0, 67),
	(78, 7368, 1509, 0),
	(78, 15350, 911, 0),
	(78, 14206, 2566, 0),
	(78, 9491, 2617, 0),
	(78, 19521, 0, 67),
	(78, 20426, 0, 67),
	(78, 19024, 0, 0),
	(78, 19024, 0, 0),
	(78, 19529, 2622, 67),
	(78, 2816, 2505, 0),
	(78, 6725, 929, 0),
	(79, 10502, 1503, 0),
	(79, 12019, 0, 0),
	(79, 4197, 2605, 0),
	(79, 7728, 1891, 0),
	(79, 20197, 0, 67),
	(79, 7368, 1509, 0),
	(79, 9454, 911, 0),
	(79, 14206, 1883, 0),
	(79, 9491, 2617, 0),
	(79, 19521, 0, 67),
	(79, 20426, 0, 67),
	(79, 21566, 0, 67),
	(79, 19024, 0, 0),
	(79, 6667, 2622, 0),
	(79, 1155, 2504, 0),
	(80, 15339, 1503, 0),
	(80, 13087, 0, 67),
	(80, 2278, 2606, 0),
	(80, 4119, 1891, 0),
	(80, 20152, 0, 67),
	(80, 9624, 1508, 0),
	(80, 20201, 1887, 67),
	(80, 9455, 1886, 0),
	(80, 6727, 2564, 0),
	(80, 19513, 0, 0),
	(80, 13097, 0, 0),
	(80, 19024, 0, 0),
	(80, 19024, 0, 0),
	(80, 13108, 849, 0),
	(80, 6687, 1900, 0),
	(81, 9429, 1503, 0),
	(81, 13084, 0, 0),
	(81, 10774, 2606, 0),
	(81, 9406, 1891, 0),
	(81, 13117, 0, 0),
	(81, 1718, 1506, 0),
	(81, 2276, 1887, 0),
	(81, 9428, 1886, 0),
	(81, 10777, 2564, 0),
	(81, 13095, 0, 0),
	(81, 2951, 0, 0),
	(81, 1404, 0, 0),
	(81, 19024, 0, 0),
	(81, 5257, 849, 0),
	(81, 9425, 1900, 0),
	(82, 10504, 2544, 0),
	(82, 1714, 0, 0),
	(82, 8210, 2605, 0),
	(82, 1716, 1891, 0),
	(82, 10771, 0, 0),
	(82, 10009, 2544, 0),
	(82, 9917, 911, 0),
	(82, 11469, 1886, 0),
	(82, 10777, 2617, 0),
	(82, 19520, 0, 67),
	(82, 19524, 0, 469),
	(82, 9461, 0, 0),
	(82, 1404, 0, 0),
	(82, 19024, 0, 0),
	(82, 7533, 2622, 0),
	(82, 873, 2504, 0),
	(83, 10504, 1509, 0),
	(83, 1714, 0, 0),
	(83, 8210, 2604, 0),
	(83, 10762, 1891, 0),
	(83, 10771, 0, 0),
	(83, 10009, 1509, 0),
	(83, 13100, 911, 0),
	(83, 9925, 2566, 0),
	(83, 10777, 2617, 0),
	(83, 19520, 0, 67),
	(83, 18586, 0, 67),
	(83, 1404, 0, 0),
	(83, 19024, 0, 0),
	(83, 19528, 2622, 67),
	(83, 7721, 2505, 0),
	(83, 14777, 929, 0),
	(84, 10041, 2544, 0),
	(84, 17707, 0, 0),
	(84, 11624, 2604, 0),
	(84, 19531, 2622, 0),
	(84, 11747, 1891, 0),
	(84, 19597, 2566, 0),
	(84, 7721, 2505, 0),
	(84, 17718, 929, 0),
	(84, 11665, 2617, 0),
	(84, 11662, 0, 0),
	(84, 10199, 2544, 0),
	(84, 22240, 911, 0),
	(84, 12545, 0, 0),
	(84, 11824, 0, 0),
	(84, 10659, 0, 0),
	(84, 19024, 0, 0),
	(85, 10041, 2544, 0),
	(85, 17707, 0, 0),
	(85, 11624, 2605, 0),
	(85, 19121, 2622, 0),
	(85, 11747, 1891, 0),
	(85, 19597, 1883, 0),
	(85, 11665, 2615, 0),
	(85, 11662, 0, 0),
	(85, 10199, 2544, 0),
	(85, 22240, 911, 0),
	(85, 12545, 0, 0),
	(85, 11824, 0, 0),
	(85, 21566, 0, 0),
	(85, 21565, 0, 0),
	(85, 7714, 2504, 0),
	(85, 17718, 929, 0),
	(86, 17767, 1508, 0),
	(86, 19159, 0, 67),
	(86, 15656, 2606, 0),
	(86, 10784, 1891, 0),
	(86, 20151, 0, 0),
	(86, 11749, 1508, 0),
	(86, 11627, 911, 0),
	(86, 17714, 1885, 0),
	(86, 17736, 2564, 0),
	(86, 17713, 67, 0),
	(86, 19511, 0, 67),
	(86, 19516, 0, 469),
	(86, 7734, 0, 0),
	(86, 19120, 0, 0),
	(86, 11626, 849, 0),
	(86, 13018, 1900, 0);

DROP TABLE IF EXISTS `player_premade_item_template`;
CREATE TABLE IF NOT EXISTS `player_premade_item_template` (
  `entry` int(10) unsigned NOT NULL,
  `class` tinyint(3) unsigned NOT NULL DEFAULT '0',
  `level` tinyint(3) unsigned NOT NULL DEFAULT '60',
  `role` tinyint(3) unsigned NOT NULL DEFAULT '0',
  `name` varchar(50) COLLATE utf8_unicode_ci DEFAULT '',
  PRIMARY KEY (`entry`)
) ENGINE=InnoDB DEFAULT CHARSET=utf8 COLLATE=utf8_unicode_ci;

INSERT INTO `player_premade_item_template` (`entry`, `class`, `level`, `role`, `name`) VALUES
	(1, 1, 60, 1, 'dps-preraid-bis'),
	(2, 2, 60, 1, 'dps-preraid-bis'),
	(3, 3, 60, 2, 'dps-preraid-bis'),
	(4, 4, 60, 1, 'dps-preraid-bis'),
	(5, 5, 60, 2, 'dps-preraid-bis'),
	(6, 7, 60, 2, 'caster-dps-preraid-bis'),
	(7, 8, 60, 2, 'dps-preraid-bis'),
	(8, 9, 60, 2, 'dps-preraid-bis'),
	(9, 11, 60, 2, 'caster-dps-preraid-bis'),
	(10, 2, 60, 4, 'heal-preraid-bis'),
	(11, 5, 60, 4, 'heal-preraid-bis'),
	(12, 7, 60, 4, 'heal-preraid-bis'),
	(13, 11, 60, 4, 'heal-preraid-bis'),
	(14, 1, 60, 3, 'tank-preraid-bis'),
	(15, 2, 60, 3, 'tank-preraid-bis'),
	(16, 11, 60, 3, 'tank-preraid-bis'),
	(17, 1, 60, 1, 'dps-phase6-bis'),
	(18, 2, 60, 1, 'dps-phase6-bis'),
	(19, 3, 60, 2, 'dps-phase6-bis'),
	(20, 4, 60, 1, 'dps-phase6-bis'),
	(21, 5, 60, 2, 'dps-phase6-bis'),
	(22, 7, 60, 2, 'caster-dps-phase6-bis'),
	(23, 8, 60, 2, 'dps-phase6-bis'),
	(24, 9, 60, 2, 'dps-phase6-bis'),
	(25, 11, 60, 2, 'caster-dps-phase6-bis'),
	(26, 2, 60, 4, 'heal-phase6-bis'),
	(27, 5, 60, 4, 'heal-phase6-bis'),
	(28, 7, 60, 4, 'heal-phase6-bis'),
	(29, 11, 60, 4, 'heal-phase6-bis'),
	(30, 1, 60, 3, 'tank-phase6-bis'),
	(31, 2, 60, 3, 'tank-phase6-bis'),
	(32, 11, 60, 3, 'tank-phase6-bis'),
	(33, 4, 19, 1, 'dps-19-twink'),
	(34, 4, 29, 1, 'dps-29-twink'),
	(35, 4, 39, 1, 'dps-39-twink'),
	(36, 4, 49, 1, 'dps-49-twink'),
	(37, 9, 19, 2, 'dps-19-twink'),
	(38, 9, 29, 2, 'dps-29-twink'),
	(39, 9, 39, 2, 'dps-39-twink'),
	(40, 9, 49, 2, 'dps-49-twink'),
	(41, 3, 19, 2, 'dps-19-twink'),
	(42, 3, 29, 2, 'dps-29-twink'),
	(43, 3, 39, 2, 'dps-39-twink'),
	(44, 3, 49, 2, 'dps-49-twink'),
	(45, 11, 19, 1, 'dps-19-twink'),
	(46, 11, 29, 1, 'dps-29-twink'),
	(47, 11, 39, 1, 'dps-39-twink'),
	(48, 11, 49, 1, 'dps-49-twink'),
	(49, 8, 19, 2, 'dps-19-twink'),
	(50, 8, 29, 2, 'dps-29-twink'),
	(51, 8, 39, 2, 'dps-39-twink'),
	(52, 8, 49, 2, 'dps-49-twink'),
	(53, 2, 19, 1, 'dps-19-twink'),
	(54, 2, 29, 4, 'heal-29-twink'),
	(55, 2, 29, 3, 'tank-29-twink'),
	(56, 2, 29, 1, 'dps-29-twink'),
	(57, 2, 39, 1, 'dps-39-twink'),
	(58, 2, 39, 3, 'tank-39-twink'),
	(59, 2, 39, 4, 'heal-39-twink'),
	(60, 2, 49, 4, 'heal-49-twink'),
	(61, 2, 49, 1, 'dps-49-twink'),
	(62, 2, 49, 3, 'tank-49-twink'),
	(63, 1, 19, 1, 'dps-19-twink'),
	(64, 1, 29, 3, 'tank-29-twink'),
	(65, 1, 29, 1, 'dps-29-twink'),
	(66, 1, 39, 1, 'dps-39-twink'),
	(67, 1, 39, 3, 'tank-39-twink'),
	(68, 1, 49, 1, 'dps-49-twink'),
	(69, 1, 49, 3, 'tank-49-twink'),
	(70, 5, 19, 2, 'dps-19-twink'),
	(71, 5, 29, 4, 'heal-29-twink'),
	(72, 5, 29, 2, 'dps-29-twink'),
	(73, 5, 39, 2, 'dps-39-twink'),
	(74, 5, 39, 4, 'heal-39-twink'),
	(75, 5, 49, 4, 'heal-49-twink'),
	(76, 5, 49, 2, 'dps-49-twink'),
	(77, 7, 19, 2, 'caster-dps-19-twink'),
	(78, 7, 29, 4, 'heal-29-twink'),
	(79, 7, 29, 2, 'caster-dps-29-twink'),
	(80, 7, 29, 1, 'dps-29-twink'),
	(81, 7, 39, 1, 'dps-39-twink'),
	(82, 7, 39, 2, 'caster-dps-39-twink'),
	(83, 7, 39, 4, 'heal-39-twink'),
	(84, 7, 49, 4, 'heal-49-twink'),
	(85, 7, 49, 2, 'caster-dps-49-twink'),
	(86, 7, 49, 1, 'dps-49-twink');

DROP TABLE IF EXISTS `player_premade_spell`;
CREATE TABLE IF NOT EXISTS `player_premade_spell` (
  `entry` int(10) unsigned NOT NULL,
  `spell` int(10) unsigned NOT NULL,
  PRIMARY KEY (`entry`,`spell`)
) ENGINE=InnoDB DEFAULT CHARSET=utf8 COLLATE=utf8_unicode_ci;

DROP TABLE IF EXISTS `player_premade_spell_template`;
CREATE TABLE IF NOT EXISTS `player_premade_spell_template` (
  `entry` int(10) unsigned NOT NULL,
  `class` tinyint(3) unsigned NOT NULL DEFAULT '0',
  `level` tinyint(3) unsigned NOT NULL DEFAULT '60',
  `role` tinyint(3) unsigned NOT NULL DEFAULT '0',
  `name` varchar(50) COLLATE utf8_unicode_ci DEFAULT '',
  PRIMARY KEY (`entry`)
) ENGINE=InnoDB DEFAULT CHARSET=utf8 COLLATE=utf8_unicode_ci;

INSERT INTO `player_premade_spell` (`entry`, `spell`) VALUES
(1, 71),
(1, 355),
(1, 469),
(1, 674),
(1, 676),
(1, 750),
(1, 871),
(1, 1161),
(1, 1680),
(1, 1719),
(1, 2048),
(1, 2458),
(1, 2565),
(1, 2687),
(1, 3127),
(1, 3411),
(1, 5246),
(1, 6554),
(1, 11578),
(1, 11585),
(1, 12296),
(1, 12302),
(1, 12664),
(1, 12666),
(1, 12678),
(1, 12727),
(1, 12753),
(1, 12764),
(1, 12789),
(1, 12809),
(1, 12811),
(1, 12853),
(1, 12867),
(1, 12945),
(1, 12975),
(1, 16466),
(1, 16494),
(1, 16542),
(1, 18499),
(1, 20230),
(1, 23920),
(1, 25203),
(1, 25208),
(1, 25212),
(1, 25225),
(1, 25231),
(1, 25236),
(1, 25242),
(1, 25264),
(1, 25266),
(1, 25275),
(1, 29146),
(1, 29598),
(1, 29704),
(1, 29707),
(1, 29792),
(1, 30022),
(1, 30356),
(1, 30357),
(1, 34428),
(2, 498),
(2, 633),
(2, 639),
(2, 642),
(2, 647),
(2, 750),
(2, 853),
(2, 879),
(2, 1020),
(2, 1022),
(2, 1026),
(2, 1038),
(2, 1042),
(2, 1044),
(2, 1152),
(2, 2800),
(2, 2812),
(2, 2878),
(2, 3127),
(2, 3472),
(2, 4987),
(2, 5573),
(2, 5588),
(2, 5589),
(2, 5599),
(2, 5614),
(2, 5615),
(2, 5627),
(2, 6940),
(2, 7328),
(2, 10278),
(2, 10308),
(2, 10310),
(2, 10312),
(2, 10313),
(2, 10314),
(2, 10318),
(2, 10322),
(2, 10324),
(2, 10326),
(2, 10328),
(2, 10329),
(2, 13819),
(2, 19740),
(2, 19742),
(2, 19746),
(2, 19750),
(2, 19752),
(2, 19834),
(2, 19835),
(2, 19836),
(2, 19837),
(2, 19838),
(2, 19850),
(2, 19852),
(2, 19853),
(2, 19854),
(2, 19939),
(2, 19940),
(2, 19941),
(2, 19942),
(2, 19943),
(2, 19977),
(2, 19978),
(2, 19979),
(2, 20064),
(2, 20100),
(2, 20105),
(2, 20116),
(2, 20137),
(2, 20147),
(2, 20150),
(2, 20162),
(2, 20164),
(2, 20165),
(2, 20166),
(2, 20182),
(2, 20193),
(2, 20200),
(2, 20217),
(2, 20271),
(2, 20287),
(2, 20288),
(2, 20289),
(2, 20290),
(2, 20291),
(2, 20292),
(2, 20293),
(2, 20305),
(2, 20306),
(2, 20307),
(2, 20308),
(2, 20347),
(2, 20348),
(2, 20349),
(2, 20356),
(2, 20357),
(2, 20375),
(2, 20470),
(2, 20729),
(2, 20772),
(2, 20773),
(2, 20911),
(2, 20912),
(2, 20913),
(2, 20914),
(2, 20915),
(2, 20918),
(2, 20919),
(2, 20920),
(2, 20922),
(2, 20923),
(2, 20924),
(2, 20925),
(2, 20927),
(2, 20928),
(2, 21082),
(2, 24239),
(2, 24274),
(2, 24275),
(2, 25290),
(2, 25291),
(2, 25292),
(2, 25780),
(2, 25782),
(2, 25890),
(2, 25894),
(2, 25895),
(2, 25898),
(2, 25899),
(2, 25916),
(2, 25918),
(2, 26573),
(2, 27135),
(2, 27136),
(2, 27137),
(2, 27138),
(2, 27139),
(2, 27140),
(2, 27141),
(2, 27142),
(2, 27143),
(2, 27144),
(2, 27145),
(2, 27147),
(2, 27148),
(2, 27149),
(2, 27150),
(2, 27151),
(2, 27152),
(2, 27153),
(2, 27154),
(2, 27155),
(2, 27158),
(2, 27160),
(2, 27166),
(2, 27168),
(2, 27169),
(2, 27170),
(2, 27173),
(2, 27179),
(2, 27180),
(2, 31785),
(2, 31789),
(2, 31801),
(2, 31849),
(2, 31862),
(2, 31884),
(2, 31895),
(2, 31935),
(2, 32223),
(2, 32699),
(2, 32700),
(2, 33388),
(2, 33776),
(2, 41026),
(2, 44414),
(3, 136),
(3, 674),
(3, 781),
(3, 883),
(3, 1002),
(3, 1130),
(3, 1462),
(3, 1494),
(3, 1495),
(3, 1499),
(3, 1510),
(3, 1513),
(3, 1515),
(3, 1543),
(3, 1978),
(3, 2641),
(3, 2643),
(3, 2974),
(3, 3034),
(3, 3043),
(3, 3044),
(3, 3045),
(3, 3111),
(3, 3127),
(3, 3661),
(3, 3662),
(3, 5116),
(3, 5118),
(3, 5384),
(3, 6197),
(3, 8737),
(3, 13159),
(3, 13161),
(3, 13163),
(3, 13165),
(3, 13542),
(3, 13543),
(3, 13544),
(3, 13549),
(3, 13550),
(3, 13551),
(3, 13552),
(3, 13553),
(3, 13554),
(3, 13555),
(3, 13795),
(3, 13809),
(3, 13813),
(3, 14260),
(3, 14261),
(3, 14262),
(3, 14263),
(3, 14264),
(3, 14265),
(3, 14266),
(3, 14267),
(3, 14268),
(3, 14269),
(3, 14270),
(3, 14271),
(3, 14272),
(3, 14273),
(3, 14274),
(3, 14279),
(3, 14280),
(3, 14281),
(3, 14282),
(3, 14283),
(3, 14284),
(3, 14285),
(3, 14286),
(3, 14287),
(3, 14288),
(3, 14289),
(3, 14290),
(3, 14294),
(3, 14295),
(3, 14302),
(3, 14303),
(3, 14304),
(3, 14305),
(3, 14310),
(3, 14311),
(3, 14316),
(3, 14317),
(3, 14318),
(3, 14319),
(3, 14320),
(3, 14321),
(3, 14322),
(3, 14323),
(3, 14324),
(3, 14325),
(3, 14326),
(3, 14327),
(3, 15629),
(3, 15630),
(3, 15631),
(3, 15632),
(3, 19420),
(3, 19431),
(3, 19434),
(3, 19490),
(3, 19556),
(3, 19573),
(3, 19574),
(3, 19575),
(3, 19577),
(3, 19583),
(3, 19592),
(3, 19602),
(3, 19620),
(3, 19624),
(3, 19801),
(3, 19878),
(3, 19879),
(3, 19880),
(3, 19882),
(3, 19883),
(3, 19884),
(3, 19885),
(3, 20043),
(3, 20190),
(3, 20736),
(3, 20900),
(3, 20901),
(3, 20902),
(3, 20903),
(3, 20904),
(3, 25294),
(3, 25295),
(3, 25296),
(3, 27014),
(3, 27015),
(3, 27016),
(3, 27018),
(3, 27019),
(3, 27020),
(3, 27021),
(3, 27022),
(3, 27023),
(3, 27025),
(3, 27044),
(3, 27045),
(3, 27046),
(3, 27065),
(3, 34026),
(3, 34074),
(3, 34120),
(3, 34454),
(3, 34460),
(3, 34470),
(3, 34477),
(3, 34600),
(3, 34692),
(3, 34949),
(3, 34954),
(3, 35030),
(3, 36916),
(4, 674),
(4, 921),
(4, 1725),
(4, 1787),
(4, 1804),
(4, 1833),
(4, 1842),
(4, 1860),
(4, 2094),
(4, 2835),
(4, 2836),
(4, 2837),
(4, 2842),
(4, 3127),
(4, 3420),
(4, 3421),
(4, 5763),
(4, 5938),
(4, 6774),
(4, 8643),
(4, 8681),
(4, 8687),
(4, 8691),
(4, 8694),
(4, 11297),
(4, 11305),
(4, 11341),
(4, 11342),
(4, 11343),
(4, 11357),
(4, 11358),
(4, 11400),
(4, 13220),
(4, 13228),
(4, 13229),
(4, 13230),
(4, 13789),
(4, 13845),
(4, 13852),
(4, 13863),
(4, 13866),
(4, 13872),
(4, 14137),
(4, 14142),
(4, 14159),
(4, 14161),
(4, 14164),
(4, 14167),
(4, 14169),
(4, 14177),
(4, 14179),
(4, 14195),
(4, 14983),
(4, 25347),
(4, 26669),
(4, 26679),
(4, 26786),
(4, 26862),
(4, 26863),
(4, 26865),
(4, 26866),
(4, 26867),
(4, 26884),
(4, 26889),
(4, 26892),
(4, 26969),
(4, 27282),
(4, 27283),
(4, 27441),
(4, 27448),
(4, 31209),
(4, 31224),
(4, 31242),
(4, 31245),
(4, 32684),
(4, 34413),
(4, 38764),
(4, 38768),
(5, 17),
(5, 139),
(5, 453),
(5, 527),
(5, 528),
(5, 552),
(5, 586),
(5, 588),
(5, 589),
(5, 591),
(5, 592),
(5, 594),
(5, 596),
(5, 598),
(5, 600),
(5, 602),
(5, 605),
(5, 970),
(5, 976),
(5, 984),
(5, 988),
(5, 992),
(5, 996),
(5, 1004),
(5, 1006),
(5, 1243),
(5, 1244),
(5, 1245),
(5, 1706),
(5, 2006),
(5, 2010),
(5, 2052),
(5, 2053),
(5, 2054),
(5, 2055),
(5, 2060),
(5, 2061),
(5, 2096),
(5, 2767),
(5, 2791),
(5, 3747),
(5, 6060),
(5, 6063),
(5, 6064),
(5, 6065),
(5, 6066),
(5, 6074),
(5, 6075),
(5, 6076),
(5, 6077),
(5, 6078),
(5, 6346),
(5, 7128),
(5, 8092),
(5, 8102),
(5, 8103),
(5, 8104),
(5, 8105),
(5, 8106),
(5, 8122),
(5, 8124),
(5, 8129),
(5, 8131),
(5, 8192),
(5, 9472),
(5, 9473),
(5, 9474),
(5, 9484),
(5, 9485),
(5, 9578),
(5, 9579),
(5, 9592),
(5, 10874),
(5, 10875),
(5, 10876),
(5, 10880),
(5, 10881),
(5, 10888),
(5, 10890),
(5, 10892),
(5, 10893),
(5, 10894),
(5, 10898),
(5, 10899),
(5, 10900),
(5, 10901),
(5, 10909),
(5, 10911),
(5, 10912),
(5, 10915),
(5, 10916),
(5, 10917),
(5, 10927),
(5, 10928),
(5, 10929),
(5, 10933),
(5, 10934),
(5, 10937),
(5, 10938),
(5, 10941),
(5, 10942),
(5, 10945),
(5, 10946),
(5, 10947),
(5, 10951),
(5, 10952),
(5, 10953),
(5, 10955),
(5, 10957),
(5, 10958),
(5, 10960),
(5, 10961),
(5, 10963),
(5, 10964),
(5, 10965),
(5, 14751),
(5, 14767),
(5, 14769),
(5, 14777),
(5, 14783),
(5, 14791),
(5, 14914),
(5, 15011),
(5, 15012),
(5, 15018),
(5, 15031),
(5, 15261),
(5, 15262),
(5, 15263),
(5, 15264),
(5, 15265),
(5, 15266),
(5, 15267),
(5, 15356),
(5, 15363),
(5, 17191),
(5, 18535),
(5, 20711),
(5, 20770),
(5, 21562),
(5, 21564),
(5, 25210),
(5, 25213),
(5, 25217),
(5, 25218),
(5, 25221),
(5, 25222),
(5, 25233),
(5, 25235),
(5, 25308),
(5, 25314),
(5, 25315),
(5, 25316),
(5, 25363),
(5, 25364),
(5, 25367),
(5, 25368),
(5, 25372),
(5, 25375),
(5, 25379),
(5, 25380),
(5, 25384),
(5, 25389),
(5, 25429),
(5, 25431),
(5, 25433),
(5, 25435),
(5, 25596),
(5, 27683),
(5, 27790),
(5, 32375),
(5, 32379),
(5, 32546),
(5, 32996),
(5, 33076),
(5, 33162),
(5, 33167),
(5, 34433),
(5, 34859),
(5, 34861),
(5, 34863),
(5, 34864),
(5, 34865),
(5, 34866),
(6, 131),
(6, 324),
(6, 325),
(6, 332),
(6, 370),
(6, 421),
(6, 526),
(6, 529),
(6, 546),
(6, 547),
(6, 548),
(6, 556),
(6, 905),
(6, 913),
(6, 915),
(6, 930),
(6, 939),
(6, 943),
(6, 945),
(6, 959),
(6, 974),
(6, 1064),
(6, 1535),
(6, 2008),
(6, 2062),
(6, 2484),
(6, 2645),
(6, 2860),
(6, 2870),
(6, 2894),
(6, 3599),
(6, 3738),
(6, 5394),
(6, 5675),
(6, 5730),
(6, 6041),
(6, 6196),
(6, 6363),
(6, 6364),
(6, 6365),
(6, 6375),
(6, 6377),
(6, 6390),
(6, 6391),
(6, 6392),
(6, 6495),
(6, 8004),
(6, 8005),
(6, 8008),
(6, 8010),
(6, 8012),
(6, 8017),
(6, 8018),
(6, 8019),
(6, 8024),
(6, 8027),
(6, 8030),
(6, 8033),
(6, 8038),
(6, 8042),
(6, 8044),
(6, 8045),
(6, 8046),
(6, 8050),
(6, 8052),
(6, 8053),
(6, 8056),
(6, 8058),
(6, 8071),
(6, 8075),
(6, 8134),
(6, 8143),
(6, 8154),
(6, 8155),
(6, 8160),
(6, 8161),
(6, 8166),
(6, 8170),
(6, 8177),
(6, 8181),
(6, 8184),
(6, 8190),
(6, 8227),
(6, 8232),
(6, 8235),
(6, 8249),
(6, 8498),
(6, 8499),
(6, 8512),
(6, 8737),
(6, 8835),
(6, 10391),
(6, 10392),
(6, 10395),
(6, 10396),
(6, 10399),
(6, 10406),
(6, 10407),
(6, 10408),
(6, 10412),
(6, 10413),
(6, 10414),
(6, 10427),
(6, 10428),
(6, 10431),
(6, 10432),
(6, 10437),
(6, 10438),
(6, 10442),
(6, 10447),
(6, 10448),
(6, 10456),
(6, 10462),
(6, 10463),
(6, 10466),
(6, 10467),
(6, 10468),
(6, 10472),
(6, 10473),
(6, 10478),
(6, 10479),
(6, 10486),
(6, 10495),
(6, 10496),
(6, 10497),
(6, 10526),
(6, 10537),
(6, 10538),
(6, 10585),
(6, 10586),
(6, 10587),
(6, 10595),
(6, 10600),
(6, 10601),
(6, 10605),
(6, 10613),
(6, 10614),
(6, 10622),
(6, 10623),
(6, 10627),
(6, 11314),
(6, 11315),
(6, 15107),
(6, 15111),
(6, 15112),
(6, 15207),
(6, 15208),
(6, 16112),
(6, 16188),
(6, 16189),
(6, 16190),
(6, 16208),
(6, 16213),
(6, 16217),
(6, 16221),
(6, 16225),
(6, 16229),
(6, 16234),
(6, 16240),
(6, 16314),
(6, 16315),
(6, 16316),
(6, 16339),
(6, 16341),
(6, 16342),
(6, 16355),
(6, 16356),
(6, 16362),
(6, 16387),
(6, 20608),
(6, 20609),
(6, 20610),
(6, 20776),
(6, 20777),
(6, 24398),
(6, 25357),
(6, 25359),
(6, 25361),
(6, 25391),
(6, 25396),
(6, 25420),
(6, 25422),
(6, 25423),
(6, 25439),
(6, 25442),
(6, 25448),
(6, 25449),
(6, 25454),
(6, 25457),
(6, 25464),
(6, 25469),
(6, 25472),
(6, 25479),
(6, 25485),
(6, 25489),
(6, 25500),
(6, 25505),
(6, 25508),
(6, 25509),
(6, 25525),
(6, 25528),
(6, 25533),
(6, 25546),
(6, 25547),
(6, 25552),
(6, 25557),
(6, 25560),
(6, 25563),
(6, 25567),
(6, 25570),
(6, 25574),
(6, 25577),
(6, 25585),
(6, 25587),
(6, 25908),
(6, 28998),
(6, 29191),
(6, 29202),
(6, 29228),
(6, 30869),
(6, 30873),
(6, 32182),
(6, 32593),
(6, 32594),
(6, 33736),
(6, 36936),
(7, 10),
(7, 66),
(7, 116),
(7, 118),
(7, 120),
(7, 122),
(7, 130),
(7, 143),
(7, 145),
(7, 205),
(7, 475),
(7, 543),
(7, 587),
(7, 597),
(7, 604),
(7, 759),
(7, 837),
(7, 865),
(7, 990),
(7, 1008),
(7, 1449),
(7, 1459),
(7, 1460),
(7, 1461),
(7, 1463),
(7, 1953),
(7, 2120),
(7, 2121),
(7, 2136),
(7, 2137),
(7, 2138),
(7, 2139),
(7, 2948),
(7, 3140),
(7, 3552),
(7, 3561),
(7, 3562),
(7, 3565),
(7, 5143),
(7, 5144),
(7, 5145),
(7, 5504),
(7, 5505),
(7, 5506),
(7, 6117),
(7, 6127),
(7, 6129),
(7, 6131),
(7, 6141),
(7, 6143),
(7, 7300),
(7, 7301),
(7, 7302),
(7, 7320),
(7, 7322),
(7, 8400),
(7, 8401),
(7, 8402),
(7, 8406),
(7, 8407),
(7, 8408),
(7, 8412),
(7, 8413),
(7, 8416),
(7, 8417),
(7, 8422),
(7, 8423),
(7, 8427),
(7, 8437),
(7, 8438),
(7, 8439),
(7, 8444),
(7, 8445),
(7, 8446),
(7, 8450),
(7, 8451),
(7, 8455),
(7, 8457),
(7, 8458),
(7, 8461),
(7, 8462),
(7, 8492),
(7, 8494),
(7, 8495),
(7, 10053),
(7, 10054),
(7, 10059),
(7, 10138),
(7, 10139),
(7, 10140),
(7, 10144),
(7, 10145),
(7, 10148),
(7, 10149),
(7, 10150),
(7, 10151),
(7, 10156),
(7, 10157),
(7, 10159),
(7, 10160),
(7, 10161),
(7, 10169),
(7, 10170),
(7, 10173),
(7, 10174),
(7, 10177),
(7, 10179),
(7, 10180),
(7, 10181),
(7, 10185),
(7, 10186),
(7, 10187),
(7, 10191),
(7, 10192),
(7, 10193),
(7, 10197),
(7, 10199),
(7, 10201),
(7, 10202),
(7, 10205),
(7, 10206),
(7, 10207),
(7, 10211),
(7, 10212),
(7, 10215),
(7, 10216),
(7, 10219),
(7, 10220),
(7, 10223),
(7, 10225),
(7, 10230),
(7, 11078),
(7, 11113),
(7, 11129),
(7, 11366),
(7, 11368),
(7, 11416),
(7, 12051),
(7, 12341),
(7, 12351),
(7, 12353),
(7, 12400),
(7, 12472),
(7, 12475),
(7, 12505),
(7, 12522),
(7, 12523),
(7, 12524),
(7, 12525),
(7, 12526),
(7, 12592),
(7, 12824),
(7, 12825),
(7, 12826),
(7, 12848),
(7, 12873),
(7, 13018),
(7, 13019),
(7, 13020),
(7, 13021),
(7, 16766),
(7, 18460),
(7, 18809),
(7, 22782),
(7, 22783),
(7, 23028),
(7, 25304),
(7, 25306),
(7, 25345),
(7, 27070),
(7, 27071),
(7, 27072),
(7, 27073),
(7, 27074),
(7, 27075),
(7, 27078),
(7, 27079),
(7, 27080),
(7, 27082),
(7, 27085),
(7, 27086),
(7, 27087),
(7, 27088),
(7, 27101),
(7, 27124),
(7, 27125),
(7, 27126),
(7, 27128),
(7, 27130),
(7, 27131),
(7, 27132),
(7, 27133),
(7, 28609),
(7, 28612),
(7, 29076),
(7, 29440),
(7, 30449),
(7, 30451),
(7, 30455),
(7, 30482),
(7, 31640),
(7, 31660),
(7, 31661),
(7, 31680),
(7, 32796),
(7, 33041),
(7, 33042),
(7, 33043),
(7, 33933),
(7, 33938),
(7, 33944),
(7, 33946),
(7, 34296),
(7, 37420),
(7, 38699),
(7, 43987),
(7, 45438),
(8, 126),
(8, 132),
(8, 172),
(8, 348),
(8, 603),
(8, 688),
(8, 689),
(8, 691),
(8, 693),
(8, 695),
(8, 696),
(8, 697),
(8, 698),
(8, 699),
(8, 702),
(8, 704),
(8, 705),
(8, 706),
(8, 707),
(8, 709),
(8, 710),
(8, 712),
(8, 755),
(8, 980),
(8, 1014),
(8, 1086),
(8, 1088),
(8, 1094),
(8, 1098),
(8, 1106),
(8, 1108),
(8, 1120),
(8, 1454),
(8, 1455),
(8, 1456),
(8, 1490),
(8, 1714),
(8, 1949),
(8, 2362),
(8, 2941),
(8, 3698),
(8, 3699),
(8, 3700),
(8, 5138),
(8, 5484),
(8, 5500),
(8, 5676),
(8, 5697),
(8, 5699),
(8, 5740),
(8, 5782),
(8, 5784),
(8, 6201),
(8, 6202),
(8, 6205),
(8, 6213),
(8, 6215),
(8, 6217),
(8, 6219),
(8, 6222),
(8, 6223),
(8, 6226),
(8, 6229),
(8, 6353),
(8, 6366),
(8, 6789),
(8, 7641),
(8, 7646),
(8, 7648),
(8, 7651),
(8, 7658),
(8, 7659),
(8, 8288),
(8, 8289),
(8, 11659),
(8, 11660),
(8, 11661),
(8, 11665),
(8, 11667),
(8, 11668),
(8, 11671),
(8, 11672),
(8, 11675),
(8, 11677),
(8, 11678),
(8, 11683),
(8, 11684),
(8, 11687),
(8, 11688),
(8, 11689),
(8, 11693),
(8, 11694),
(8, 11695),
(8, 11699),
(8, 11700),
(8, 11703),
(8, 11704),
(8, 11707),
(8, 11708),
(8, 11711),
(8, 11712),
(8, 11713),
(8, 11717),
(8, 11719),
(8, 11721),
(8, 11722),
(8, 11725),
(8, 11726),
(8, 11729),
(8, 11730),
(8, 11733),
(8, 11734),
(8, 11735),
(8, 11739),
(8, 11740),
(8, 17727),
(8, 17728),
(8, 17792),
(8, 17803),
(8, 17836),
(8, 17877),
(8, 17918),
(8, 17919),
(8, 17920),
(8, 17921),
(8, 17922),
(8, 17923),
(8, 17924),
(8, 17925),
(8, 17926),
(8, 17928),
(8, 17951),
(8, 17952),
(8, 17953),
(8, 17958),
(8, 17959),
(8, 17962),
(8, 18134),
(8, 18136),
(8, 18647),
(8, 18693),
(8, 18701),
(8, 18705),
(8, 18708),
(8, 18710),
(8, 18744),
(8, 18750),
(8, 18788),
(8, 18867),
(8, 18868),
(8, 18869),
(8, 18870),
(8, 18871),
(8, 18930),
(8, 18931),
(8, 18932),
(8, 20752),
(8, 20755),
(8, 20756),
(8, 20757),
(8, 25307),
(8, 25309),
(8, 25311),
(8, 27209),
(8, 27210),
(8, 27211),
(8, 27212),
(8, 27213),
(8, 27215),
(8, 27216),
(8, 27217),
(8, 27218),
(8, 27219),
(8, 27220),
(8, 27221),
(8, 27222),
(8, 27223),
(8, 27224),
(8, 27226),
(8, 27228),
(8, 27230),
(8, 27238),
(8, 27243),
(8, 27250),
(8, 27259),
(8, 27260),
(8, 27263),
(8, 27266),
(8, 28172),
(8, 28176),
(8, 28189),
(8, 28610),
(8, 29722),
(8, 29858),
(8, 29893),
(8, 30145),
(8, 30292),
(8, 30459),
(8, 30545),
(8, 30546),
(8, 30908),
(8, 30909),
(8, 30910),
(8, 30912),
(8, 32231),
(8, 33388),
(8, 34939),
(9, 339),
(9, 467),
(9, 740),
(9, 768),
(9, 770),
(9, 774),
(9, 778),
(9, 782),
(9, 783),
(9, 1058),
(9, 1062),
(9, 1066),
(9, 1075),
(9, 1126),
(9, 1430),
(9, 2090),
(9, 2091),
(9, 2637),
(9, 2782),
(9, 2893),
(9, 2908),
(9, 2912),
(9, 3627),
(9, 5177),
(9, 5178),
(9, 5179),
(9, 5180),
(9, 5186),
(9, 5187),
(9, 5188),
(9, 5189),
(9, 5195),
(9, 5196),
(9, 5209),
(9, 5225),
(9, 5229),
(9, 5232),
(9, 5234),
(9, 5570),
(9, 6756),
(9, 6778),
(9, 6780),
(9, 6795),
(9, 8903),
(9, 8905),
(9, 8907),
(9, 8910),
(9, 8914),
(9, 8918),
(9, 8921),
(9, 8924),
(9, 8925),
(9, 8926),
(9, 8927),
(9, 8928),
(9, 8929),
(9, 8936),
(9, 8938),
(9, 8939),
(9, 8940),
(9, 8941),
(9, 8949),
(9, 8950),
(9, 8951),
(9, 8955),
(9, 8983),
(9, 9634),
(9, 9749),
(9, 9750),
(9, 9756),
(9, 9758),
(9, 9833),
(9, 9834),
(9, 9835),
(9, 9839),
(9, 9840),
(9, 9841),
(9, 9846),
(9, 9852),
(9, 9853),
(9, 9856),
(9, 9857),
(9, 9858),
(9, 9862),
(9, 9863),
(9, 9875),
(9, 9876),
(9, 9884),
(9, 9885),
(9, 9888),
(9, 9889),
(9, 9901),
(9, 9907),
(9, 9910),
(9, 9912),
(9, 9913),
(9, 16689),
(9, 16810),
(9, 16811),
(9, 16812),
(9, 16813),
(9, 16818),
(9, 16822),
(9, 16840),
(9, 16847),
(9, 16880),
(9, 16899),
(9, 16913),
(9, 16914),
(9, 17055),
(9, 17065),
(9, 17073),
(9, 17108),
(9, 17116),
(9, 17245),
(9, 17329),
(9, 17401),
(9, 17402),
(9, 18657),
(9, 18658),
(9, 20484),
(9, 20719),
(9, 20739),
(9, 20742),
(9, 20747),
(9, 20748),
(9, 21849),
(9, 21850),
(9, 22570),
(9, 22812),
(9, 24248),
(9, 24946),
(9, 24972),
(9, 24974),
(9, 24975),
(9, 24976),
(9, 24977),
(9, 25297),
(9, 25298),
(9, 25299),
(9, 26978),
(9, 26979),
(9, 26980),
(9, 26981),
(9, 26982),
(9, 26983),
(9, 26984),
(9, 26985),
(9, 26986),
(9, 26987),
(9, 26988),
(9, 26989),
(9, 26990),
(9, 26992),
(9, 26993),
(9, 26994),
(9, 26995),
(9, 26996),
(9, 26997),
(9, 26998),
(9, 26999),
(9, 27000),
(9, 27002),
(9, 27003),
(9, 27004),
(9, 27005),
(9, 27006),
(9, 27008),
(9, 27009),
(9, 27012),
(9, 27013),
(9, 29166),
(9, 33357),
(9, 33591),
(9, 33745),
(9, 33763),
(9, 33786),
(9, 33880),
(9, 33956),
(9, 35364);

INSERT INTO `player_premade_spell_template` (`entry`, `class`, `level`, `role`, `name`) VALUES
(1, 1, 70, 3, 'protection-70-pve'),
(2, 2, 70, 3, 'protection-70-pve'),
(3, 3, 70, 2, 'bm-70-pve'),
(4, 4, 70, 1, 'mutilate-70-pve'),
(5, 5, 70, 4, 'holy-70-pve'),
(6, 7, 70, 4, 'restoration-70-pve'),
(7, 8, 70, 2, 'fire-70-pve'),
(8, 9, 70, 2, 'destro-ds-70-pve'),
(9, 11, 70, 4, 'resto-dreamstate-70-pve');
